date,agency,sku,q50_volume_prediction,q25_volume_prediction,q75_volume_prediction
2018-01-01,Agency_52,SKU_02,1076.0,1018.0,1166.0
2018-01-01,Agency_32,SKU_05,2874.0,2771.0,3079.0
2018-01-01,Agency_09,SKU_21,0.0,0.0,0.0
2018-01-01,Agency_08,SKU_04,158.0,143.0,179.0
2018-01-01,Agency_52,SKU_05,661.0,615.0,715.0
2018-01-01,Agency_32,SKU_03,857.0,816.0,928.0
2018-01-01,Agency_02,SKU_12,0.0,0.0,1.0
2018-01-01,Agency_25,SKU_21,0.0,0.0,0.0
2018-01-01,Agency_52,SKU_01,136.0,124.0,159.0
2018-01-01,Agency_32,SKU_02,2091.0,1995.0,2214.0
2018-01-01,Agency_36,SKU_22,0.0,0.0,4.0
2018-01-01,Agency_02,SKU_11,0.0,0.0,0.0
2018-01-01,Agency_08,SKU_05,0.0,0.0,0.0
2018-01-01,Agency_40,SKU_18,0.0,0.0,0.0
2018-01-01,Agency_32,SKU_01,1497.0,1470.0,1529.0
2018-01-01,Agency_08,SKU_02,0.0,0.0,0.0
2018-01-01,Agency_26,SKU_04,1.0,0.0,3.0
2018-01-01,Agency_26,SKU_11,3.0,2.0,4.0
2018-01-01,Agency_32,SKU_14,0.0,0.0,0.0
2018-01-01,Agency_02,SKU_04,2786.0,2448.0,3386.0
2018-01-01,Agency_36,SKU_04,0.0,0.0,0.0
2018-01-01,Agency_40,SKU_03,19.0,13.0,25.0
2018-01-01,Agency_38,SKU_01,8701.0,8501.0,9180.0
2018-01-01,Agency_13,SKU_07,1.0,0.0,5.0
2018-01-01,Agency_37,SKU_04,0.0,0.0,0.0
2018-01-01,Agency_36,SKU_03,7.0,5.0,8.0
2018-01-01,Agency_13,SKU_01,5162.0,4910.0,5316.0
2018-01-01,Agency_46,SKU_05,4424.0,4145.0,4868.0
2018-01-01,Agency_46,SKU_02,4101.0,3949.0,4251.0
2018-01-01,Agency_02,SKU_31,0.0,0.0,8.0
2018-01-01,Agency_52,SKU_04,193.0,165.0,242.0
2018-01-01,Agency_48,SKU_05,1652.0,1569.0,1803.0
2018-01-01,Agency_59,SKU_05,1421.0,1325.0,1566.0
2018-01-01,Agency_46,SKU_01,3222.0,3064.0,3506.0
2018-01-01,Agency_48,SKU_02,524.0,483.0,589.0
2018-01-01,Agency_38,SKU_04,1707.0,1446.0,2065.0
2018-01-01,Agency_23,SKU_02,47.0,41.0,53.0
2018-01-01,Agency_02,SKU_34,0.0,0.0,20.0
2018-01-01,Agency_23,SKU_01,26.0,24.0,29.0
2018-01-01,Agency_47,SKU_04,32.0,24.0,42.0
2018-01-01,Agency_08,SKU_01,157.0,144.0,176.0
2018-01-01,Agency_24,SKU_21,0.0,0.0,0.0
2018-01-01,Agency_26,SKU_05,0.0,0.0,0.0
2018-01-01,Agency_44,SKU_03,149.0,122.0,184.0
2018-01-01,Agency_58,SKU_01,4639.0,4461.0,4880.0
2018-01-01,Agency_57,SKU_23,0.0,0.0,0.0
2018-01-01,Agency_30,SKU_04,3649.0,3393.0,4072.0
2018-01-01,Agency_33,SKU_18,8.0,7.0,9.0
2018-01-01,Agency_33,SKU_03,0.0,0.0,1.0
2018-01-01,Agency_53,SKU_24,0.0,0.0,0.0
2018-01-01,Agency_58,SKU_04,1568.0,1371.0,1886.0
2018-01-01,Agency_35,SKU_03,0.0,0.0,3.0
2018-01-01,Agency_20,SKU_05,2991.0,2788.0,3283.0
2018-01-01,Agency_30,SKU_06,4.0,3.0,6.0
2018-01-01,Agency_53,SKU_03,273.0,222.0,369.0
2018-01-01,Agency_20,SKU_02,9440.0,9126.0,10047.0
2018-01-01,Agency_27,SKU_04,2677.0,2563.0,2880.0
2018-01-01,Agency_35,SKU_32,0.0,0.0,0.0
2018-01-01,Agency_44,SKU_04,27.0,7.0,59.0
2018-01-01,Agency_01,SKU_03,15.0,10.0,21.0
2018-01-01,Agency_30,SKU_05,237.0,224.0,257.0
2018-01-01,Agency_09,SKU_04,1215.0,1012.0,1537.0
2018-01-01,Agency_25,SKU_03,0.0,0.0,1.0
2018-01-01,Agency_09,SKU_27,0.0,0.0,0.0
2018-01-01,Agency_25,SKU_01,3.0,2.0,4.0
2018-01-01,Agency_26,SKU_02,0.0,0.0,0.0
2018-01-01,Agency_02,SKU_05,1480.0,1225.0,1724.0
2018-01-01,Agency_26,SKU_01,0.0,0.0,0.0
2018-01-01,Agency_02,SKU_02,4820.0,4669.0,4991.0
2018-01-01,Agency_32,SKU_04,2076.0,1986.0,2353.0
2018-01-01,Agency_02,SKU_01,4694.0,4570.0,4830.0
2018-01-01,Agency_09,SKU_03,6226.0,5965.0,6309.0
2018-01-01,Agency_25,SKU_04,9.0,6.0,15.0
2018-01-01,Agency_58,SKU_23,0.0,0.0,10.0
2018-01-01,Agency_40,SKU_04,187.0,107.0,294.0
2018-01-01,Agency_11,SKU_03,169.0,153.0,194.0
2018-01-01,Agency_58,SKU_17,0.0,0.0,8.0
2018-01-01,Agency_53,SKU_15,0.0,0.0,0.0
2018-01-01,Agency_27,SKU_03,5003.0,4683.0,5361.0
2018-01-01,Agency_07,SKU_21,0.0,0.0,0.0
2018-01-01,Agency_25,SKU_02,30.0,18.0,47.0
2018-01-01,Agency_27,SKU_08,293.0,256.0,334.0
2018-01-01,Agency_58,SKU_07,34.0,29.0,39.0
2018-01-01,Agency_25,SKU_05,563.0,505.0,647.0
2018-01-01,Agency_53,SKU_01,2663.0,2574.0,2861.0
2018-01-01,Agency_56,SKU_02,949.0,648.0,1234.0
2018-01-01,Agency_13,SKU_03,159.0,128.0,200.0
2018-01-01,Agency_11,SKU_05,0.0,0.0,2.0
2018-01-01,Agency_12,SKU_01,11079.0,10362.0,11765.0
2018-01-01,Agency_54,SKU_03,177.0,165.0,197.0
2018-01-01,Agency_10,SKU_04,971.0,851.0,1179.0
2018-01-01,Agency_11,SKU_02,1.0,0.0,2.0
2018-01-01,Agency_39,SKU_02,4005.0,3739.0,4345.0
2018-01-01,Agency_59,SKU_17,0.0,0.0,0.0
2018-01-01,Agency_12,SKU_03,559.0,498.0,634.0
2018-01-01,Agency_12,SKU_07,10.0,6.0,16.0
2018-01-01,Agency_45,SKU_04,251.0,217.0,299.0
2018-01-01,Agency_39,SKU_07,7.0,5.0,9.0
2018-01-01,Agency_10,SKU_05,138.0,116.0,171.0
2018-01-01,Agency_39,SKU_01,2534.0,2311.0,2857.0
2018-01-01,Agency_45,SKU_05,612.0,547.0,674.0
2018-01-01,Agency_48,SKU_07,0.0,0.0,4.0
2018-01-01,Agency_10,SKU_02,153.0,137.0,175.0
2018-01-01,Agency_39,SKU_04,1448.0,1194.0,1783.0
2018-01-01,Agency_50,SKU_04,1833.0,1664.0,2134.0
2018-01-01,Agency_46,SKU_17,0.0,0.0,0.0
2018-01-01,Agency_45,SKU_02,68.0,55.0,81.0
2018-01-01,Agency_39,SKU_03,210.0,163.0,270.0
2018-01-01,Agency_54,SKU_14,0.0,0.0,0.0
2018-01-01,Agency_20,SKU_07,2.0,2.0,4.0
2018-01-01,Agency_55,SKU_04,2347.0,1990.0,2824.0
2018-01-01,Agency_10,SKU_03,3347.0,3159.0,3688.0
2018-01-01,Agency_11,SKU_01,257.0,246.0,271.0
2018-01-01,Agency_50,SKU_05,2441.0,2303.0,2572.0
2018-01-01,Agency_55,SKU_05,1182.0,900.0,1472.0
2018-01-01,Agency_12,SKU_05,2804.0,2449.0,3286.0
2018-01-01,Agency_50,SKU_02,7617.0,7627.0,7697.0
2018-01-01,Agency_55,SKU_01,3047.0,2792.0,3196.0
2018-01-01,Agency_55,SKU_02,980.0,771.0,1243.0
2018-01-01,Agency_50,SKU_03,324.0,281.0,406.0
2018-01-01,Agency_12,SKU_02,7921.0,7271.0,8623.0
2018-01-01,Agency_10,SKU_23,0.0,0.0,0.0
2018-01-01,Agency_54,SKU_15,0.0,0.0,0.0
2018-01-01,Agency_10,SKU_32,29.0,16.0,43.0
2018-01-01,Agency_55,SKU_03,6866.0,6267.0,7361.0
2018-01-01,Agency_10,SKU_21,0.0,0.0,0.0
2018-01-01,Agency_50,SKU_01,1153.0,1128.0,1181.0
2018-01-01,Agency_11,SKU_04,82.0,67.0,110.0
2018-01-01,Agency_45,SKU_01,57.0,49.0,65.0
2018-01-01,Agency_54,SKU_04,128.0,103.0,158.0
2018-01-01,Agency_48,SKU_01,2539.0,2459.0,2621.0
2018-01-01,Agency_37,SKU_18,2.0,1.0,2.0
2018-01-01,Agency_48,SKU_23,0.0,0.0,0.0
2018-01-01,Agency_59,SKU_04,1274.0,1091.0,1558.0
2018-01-01,Agency_46,SKU_04,2836.0,2573.0,3345.0
2018-01-01,Agency_53,SKU_05,4902.0,4650.0,5042.0
2018-01-01,Agency_47,SKU_17,0.0,0.0,0.0
2018-01-01,Agency_38,SKU_05,2943.0,2754.0,3325.0
2018-01-01,Agency_48,SKU_04,2282.0,2060.0,2702.0
2018-01-01,Agency_48,SKU_17,0.0,0.0,0.0
2018-01-01,Agency_53,SKU_02,4446.0,4358.0,4727.0
2018-01-01,Agency_38,SKU_02,3782.0,3658.0,3967.0
2018-01-01,Agency_47,SKU_03,209.0,198.0,221.0
2018-01-01,Agency_13,SKU_05,1351.0,1283.0,1447.0
2018-01-01,Agency_50,SKU_17,0.0,0.0,0.0
2018-01-01,Agency_38,SKU_03,1852.0,1667.0,2096.0
2018-01-01,Agency_52,SKU_03,26.0,21.0,32.0
2018-01-01,Agency_13,SKU_02,5665.0,5313.0,6076.0
2018-01-01,Agency_53,SKU_07,2.0,0.0,8.0
2018-01-01,Agency_02,SKU_03,12662.0,12351.0,13404.0
2018-01-01,Agency_38,SKU_14,0.0,0.0,0.0
2018-01-01,Agency_47,SKU_01,1.0,1.0,2.0
2018-01-01,Agency_59,SKU_01,5812.0,5641.0,6022.0
2018-01-01,Agency_10,SKU_01,1478.0,1373.0,1558.0
2018-01-01,Agency_45,SKU_03,25.0,22.0,29.0
2018-01-01,Agency_59,SKU_03,570.0,530.0,628.0
2018-01-01,Agency_45,SKU_08,6.0,6.0,7.0
2018-01-01,Agency_38,SKU_21,0.0,0.0,0.0
2018-01-01,Agency_54,SKU_05,106.0,98.0,117.0
2018-01-01,Agency_54,SKU_02,40.0,37.0,44.0
2018-01-01,Agency_12,SKU_04,1289.0,1102.0,1556.0
2018-01-01,Agency_54,SKU_01,49.0,45.0,53.0
2018-01-01,Agency_46,SKU_03,3151.0,3014.0,3338.0
2018-01-01,Agency_39,SKU_05,6224.0,5771.0,6934.0
2018-01-01,Agency_48,SKU_03,7898.0,7628.0,8381.0
2018-01-01,Agency_59,SKU_02,4780.0,4491.0,5135.0
2018-01-01,Agency_47,SKU_05,0.0,0.0,0.0
2018-01-01,Agency_13,SKU_04,1162.0,901.0,1556.0
2018-01-01,Agency_47,SKU_02,0.0,0.0,0.0
2018-01-01,Agency_59,SKU_07,12.0,10.0,14.0
2018-01-01,Agency_13,SKU_20,0.0,0.0,0.0
2018-01-01,Agency_48,SKU_28,0.0,0.0,0.0
2018-01-01,Agency_38,SKU_07,62.0,51.0,75.0
2018-01-01,Agency_27,SKU_06,74.0,53.0,98.0
2018-01-01,Agency_05,SKU_21,0.0,0.0,0.0
2018-01-01,Agency_20,SKU_01,2672.0,2583.0,2793.0
2018-01-01,Agency_15,SKU_05,168.0,156.0,186.0
2018-01-01,Agency_18,SKU_05,398.0,368.0,439.0
2018-01-01,Agency_16,SKU_07,14.0,8.0,22.0
2018-01-01,Agency_29,SKU_04,31.0,27.0,35.0
2018-01-01,Agency_15,SKU_02,684.0,618.0,762.0
2018-01-01,Agency_43,SKU_04,250.0,195.0,338.0
2018-01-01,Agency_18,SKU_02,14.0,1.0,32.0
2018-01-01,Agency_16,SKU_01,6377.0,6191.0,6597.0
2018-01-01,Agency_51,SKU_02,4239.0,4065.0,4447.0
2018-01-01,Agency_41,SKU_04,725.0,667.0,818.0
2018-01-01,Agency_04,SKU_03,432.0,389.0,483.0
2018-01-01,Agency_29,SKU_06,12.0,8.0,15.0
2018-01-01,Agency_51,SKU_01,3701.0,3529.0,3941.0
2018-01-01,Agency_43,SKU_05,493.0,408.0,558.0
2018-01-01,Agency_18,SKU_01,0.0,0.0,0.0
2018-01-01,Agency_03,SKU_05,663.0,612.0,729.0
2018-01-01,Agency_43,SKU_02,384.0,312.0,464.0
2018-01-01,Agency_03,SKU_03,6797.0,6550.0,7144.0
2018-01-01,Agency_51,SKU_07,0.0,0.0,0.0
2018-01-01,Agency_03,SKU_02,375.0,339.0,424.0
2018-01-01,Agency_51,SKU_05,1649.0,1488.0,1926.0
2018-01-01,Agency_31,SKU_01,158.0,142.0,182.0
2018-01-01,Agency_05,SKU_26,0.0,0.0,0.0
2018-01-01,Agency_21,SKU_05,264.0,237.0,309.0
2018-01-01,Agency_31,SKU_04,795.0,691.0,994.0
2018-01-01,Agency_21,SKU_02,78.0,70.0,90.0
2018-01-01,Agency_15,SKU_04,155.0,131.0,190.0
2018-01-01,Agency_05,SKU_05,327.0,306.0,359.0
2018-01-01,Agency_49,SKU_04,1711.0,1598.0,1920.0
2018-01-01,Agency_43,SKU_03,0.0,0.0,31.0
2018-01-01,Agency_23,SKU_05,532.0,484.0,623.0
2018-01-01,Agency_05,SKU_02,936.0,880.0,1020.0
2018-01-01,Agency_21,SKU_01,38.0,34.0,46.0
2018-01-01,Agency_31,SKU_05,24.0,22.0,28.0
2018-01-01,Agency_31,SKU_02,31.0,28.0,36.0
2018-01-01,Agency_23,SKU_04,41.0,33.0,52.0
2018-01-01,Agency_49,SKU_34,0.0,0.0,0.0
2018-01-01,Agency_05,SKU_23,0.0,0.0,0.0
2018-01-01,Agency_05,SKU_01,6639.0,6621.0,6977.0
2018-01-01,Agency_21,SKU_03,26.0,23.0,31.0
2018-01-01,Agency_41,SKU_03,1426.0,1328.0,1529.0
2018-01-01,Agency_21,SKU_21,0.0,0.0,0.0
2018-01-01,Agency_43,SKU_01,202.0,161.0,264.0
2018-01-01,Agency_04,SKU_04,52.0,41.0,72.0
2018-01-01,Agency_28,SKU_08,8.0,7.0,9.0
2018-01-01,Agency_51,SKU_17,0.0,0.0,0.0
2018-01-01,Agency_16,SKU_05,1310.0,1240.0,1422.0
2018-01-01,Agency_17,SKU_05,759.0,709.0,826.0
2018-01-01,Agency_16,SKU_02,4639.0,4299.0,5070.0
2018-01-01,Agency_17,SKU_02,1074.0,1019.0,1155.0
2018-01-01,Agency_28,SKU_04,41.0,24.0,65.0
2018-01-01,Agency_56,SKU_04,3302.0,2893.0,3804.0
2018-01-01,Agency_51,SKU_03,4259.0,4121.0,4468.0
2018-01-01,Agency_16,SKU_20,0.0,0.0,0.0
2018-01-01,Agency_28,SKU_06,792.0,652.0,944.0
2018-01-01,Agency_51,SKU_04,3309.0,3088.0,3659.0
2018-01-01,Agency_17,SKU_01,115.0,105.0,130.0
2018-01-01,Agency_28,SKU_05,1.0,1.0,1.0
2018-01-01,Agency_28,SKU_02,22.0,15.0,31.0
2018-01-01,Agency_56,SKU_05,493.0,364.0,639.0
2018-01-01,Agency_28,SKU_01,36.0,22.0,46.0
2018-01-01,Agency_42,SKU_03,1309.0,1230.0,1405.0
2018-01-01,Agency_56,SKU_03,8496.0,7980.0,8989.0
2018-01-01,Agency_18,SKU_03,0.0,0.0,0.0
2018-01-01,Agency_17,SKU_04,278.0,245.0,321.0
2018-01-01,Agency_16,SKU_03,100.0,85.0,119.0
2018-01-01,Agency_41,SKU_05,2569.0,2413.0,2715.0
2018-01-01,Agency_03,SKU_01,739.0,597.0,981.0
2018-01-01,Agency_29,SKU_03,5.0,0.0,10.0
2018-01-01,Agency_41,SKU_02,3350.0,3261.0,3500.0
2018-01-01,Agency_29,SKU_08,2.0,1.0,2.0
2018-01-01,Agency_03,SKU_32,0.0,0.0,0.0
2018-01-01,Agency_41,SKU_01,4320.0,4244.0,4424.0
2018-01-01,Agency_49,SKU_23,0.0,0.0,0.0
2018-01-01,Agency_28,SKU_03,82.0,45.0,114.0
2018-01-01,Agency_29,SKU_05,18.0,14.0,21.0
2018-01-01,Agency_04,SKU_05,0.0,0.0,0.0
2018-01-01,Agency_29,SKU_02,2.0,1.0,2.0
2018-01-01,Agency_03,SKU_04,1199.0,1047.0,1458.0
2018-01-01,Agency_16,SKU_04,905.0,714.0,1205.0
2018-01-01,Agency_18,SKU_04,174.0,147.0,207.0
2018-01-01,Agency_04,SKU_02,0.0,0.0,0.0
2018-01-01,Agency_04,SKU_01,11.0,8.0,15.0
2018-01-01,Agency_29,SKU_01,4.0,3.0,6.0
2018-01-01,Agency_17,SKU_03,23.0,20.0,28.0
2018-01-01,Agency_30,SKU_02,169.0,151.0,198.0
2018-01-01,Agency_49,SKU_01,1835.0,1789.0,1886.0
2018-01-01,Agency_23,SKU_03,7.0,3.0,12.0
2018-01-01,Agency_58,SKU_02,3413.0,3239.0,3651.0
2018-01-01,Agency_20,SKU_23,0.0,0.0,0.0
2018-01-01,Agency_19,SKU_02,67.0,60.0,74.0
2018-01-01,Agency_01,SKU_11,15.0,11.0,21.0
2018-01-01,Agency_57,SKU_05,2166.0,2002.0,2441.0
2018-01-01,Agency_19,SKU_01,9.0,1.0,20.0
2018-01-01,Agency_57,SKU_17,0.0,0.0,0.0
2018-01-01,Agency_34,SKU_04,1.0,0.0,11.0
2018-01-01,Agency_24,SKU_03,0.0,0.0,3.0
2018-01-01,Agency_57,SKU_02,4443.0,4003.0,5095.0
2018-01-01,Agency_07,SKU_04,1794.0,1528.0,2174.0
2018-01-01,Agency_57,SKU_07,114.0,104.0,123.0
2018-01-01,Agency_24,SKU_04,62.0,49.0,85.0
2018-01-01,Agency_34,SKU_22,0.0,0.0,0.0
2018-01-01,Agency_57,SKU_01,7636.0,7193.0,8262.0
2018-01-01,Agency_22,SKU_03,74.0,68.0,82.0
2018-01-01,Agency_60,SKU_04,1596.0,1412.0,1886.0
2018-01-01,Agency_01,SKU_05,16.0,14.0,19.0
2018-01-01,Agency_60,SKU_23,0.0,0.0,0.0
2018-01-01,Agency_19,SKU_03,40.0,35.0,45.0
2018-01-01,Agency_58,SKU_05,1521.0,1373.0,1700.0
2018-01-01,Agency_01,SKU_04,55.0,35.0,87.0
2018-01-01,Agency_35,SKU_04,0.0,0.0,1.0
2018-01-01,Agency_58,SKU_03,280.0,233.0,329.0
2018-01-01,Agency_34,SKU_03,2.0,2.0,3.0
2018-01-01,Agency_27,SKU_05,80.0,74.0,87.0
2018-01-01,Agency_09,SKU_05,1133.0,1069.0,1259.0
2018-01-01,Agency_44,SKU_05,0.0,0.0,10.0
2018-01-01,Agency_30,SKU_01,829.0,765.0,902.0
2018-01-01,Agency_30,SKU_03,10784.0,10496.0,11247.0
2018-01-01,Agency_53,SKU_04,2277.0,1995.0,2663.0
2018-01-01,Agency_27,SKU_02,582.0,551.0,614.0
2018-01-01,Agency_09,SKU_02,1073.0,995.0,1143.0
2018-01-01,Agency_44,SKU_02,2.0,0.0,20.0
2018-01-01,Agency_33,SKU_04,13.0,7.0,22.0
2018-01-01,Agency_57,SKU_03,1022.0,946.0,1188.0
2018-01-01,Agency_30,SKU_08,88.0,78.0,98.0
2018-01-01,Agency_44,SKU_01,1.0,0.0,28.0
2018-01-01,Agency_27,SKU_01,1501.0,1435.0,1622.0
2018-01-01,Agency_09,SKU_01,2872.0,2674.0,3067.0
2018-01-01,Agency_07,SKU_03,499.0,421.0,591.0
2018-01-01,Agency_05,SKU_03,640.0,572.0,751.0
2018-01-01,Agency_01,SKU_02,19.0,13.0,27.0
2018-01-01,Agency_19,SKU_08,2.0,1.0,2.0
2018-01-01,Agency_60,SKU_07,62.0,55.0,70.0
2018-01-01,Agency_22,SKU_01,70.0,61.0,85.0
2018-01-01,Agency_60,SKU_01,8553.0,8372.0,8798.0
2018-01-01,Agency_23,SKU_21,0.0,0.0,0.0
2018-01-01,Agency_05,SKU_14,0.0,0.0,0.0
2018-01-01,Agency_42,SKU_04,124.0,107.0,151.0
2018-01-01,Agency_31,SKU_03,603.0,551.0,643.0
2018-01-01,Agency_15,SKU_01,1212.0,1062.0,1342.0
2018-01-01,Agency_22,SKU_02,135.0,125.0,151.0
2018-01-01,Agency_21,SKU_04,33.0,28.0,41.0
2018-01-01,Agency_49,SKU_03,9028.0,8800.0,9449.0
2018-01-01,Agency_15,SKU_03,89.0,69.0,109.0
2018-01-01,Agency_42,SKU_05,460.0,416.0,508.0
2018-01-01,Agency_49,SKU_05,2410.0,2245.0,2693.0
2018-01-01,Agency_42,SKU_02,149.0,139.0,161.0
2018-01-01,Agency_49,SKU_02,2550.0,2490.0,2621.0
2018-01-01,Agency_42,SKU_01,252.0,238.0,270.0
2018-01-01,Agency_49,SKU_07,0.0,0.0,0.0
2018-01-01,Agency_31,SKU_08,0.0,0.0,2.0
2018-01-01,Agency_57,SKU_04,1980.0,1768.0,2340.0
2018-01-01,Agency_05,SKU_04,4445.0,3915.0,5155.0
2018-01-01,Agency_60,SKU_02,4644.0,4445.0,4912.0
2018-01-01,Agency_20,SKU_03,195.0,152.0,244.0
2018-01-01,Agency_01,SKU_01,37.0,30.0,45.0
2018-01-01,Agency_26,SKU_18,0.0,0.0,0.0
2018-01-01,Agency_07,SKU_05,85.0,49.0,115.0
2018-01-01,Agency_24,SKU_05,425.0,393.0,478.0
2018-01-01,Agency_26,SKU_03,0.0,0.0,0.0
2018-01-01,Agency_07,SKU_02,785.0,695.0,880.0
2018-01-01,Agency_24,SKU_02,93.0,86.0,103.0
2018-01-01,Agency_22,SKU_05,245.0,229.0,272.0
2018-01-01,Agency_22,SKU_04,45.0,38.0,58.0
2018-01-01,Agency_24,SKU_01,1.0,1.0,1.0
2018-01-01,Agency_20,SKU_21,0.0,0.0,0.0
2018-01-01,Agency_19,SKU_04,106.0,90.0,133.0
2018-01-01,Agency_07,SKU_01,5500.0,5358.0,5829.0
2018-01-01,Agency_20,SKU_04,1677.0,1466.0,1993.0
2018-01-01,Agency_08,SKU_03,7.0,5.0,10.0
2018-01-01,Agency_60,SKU_05,1709.0,1613.0,1874.0
2018-01-01,Agency_19,SKU_05,69.0,64.0,76.0
2018-01-01,Agency_60,SKU_03,291.0,233.0,369.0
2018-01-01,Agency_56,SKU_01,3296.0,2984.0,3404.0
2018-02-01,Agency_52,SKU_02,1152.0,1067.0,1249.0
2018-02-01,Agency_32,SKU_05,3524.0,3400.0,3691.0
2018-02-01,Agency_09,SKU_21,0.0,0.0,0.0
2018-02-01,Agency_08,SKU_04,141.0,126.0,154.0
2018-02-01,Agency_52,SKU_05,715.0,661.0,782.0
2018-02-01,Agency_32,SKU_03,1124.0,1071.0,1201.0
2018-02-01,Agency_02,SKU_12,0.0,0.0,10.0
2018-02-01,Agency_25,SKU_21,0.0,0.0,0.0
2018-02-01,Agency_52,SKU_01,142.0,126.0,164.0
2018-02-01,Agency_32,SKU_02,2400.0,2295.0,2515.0
2018-02-01,Agency_36,SKU_22,3.0,0.0,10.0
2018-02-01,Agency_02,SKU_11,0.0,0.0,0.0
2018-02-01,Agency_08,SKU_05,0.0,0.0,4.0
2018-02-01,Agency_40,SKU_18,0.0,0.0,0.0
2018-02-01,Agency_32,SKU_01,1686.0,1655.0,1715.0
2018-02-01,Agency_08,SKU_02,3.0,0.0,9.0
2018-02-01,Agency_26,SKU_04,0.0,0.0,2.0
2018-02-01,Agency_26,SKU_11,4.0,3.0,5.0
2018-02-01,Agency_32,SKU_14,0.0,0.0,0.0
2018-02-01,Agency_02,SKU_04,2246.0,2047.0,2477.0
2018-02-01,Agency_36,SKU_04,0.0,0.0,1.0
2018-02-01,Agency_40,SKU_03,26.0,19.0,33.0
2018-02-01,Agency_38,SKU_01,10060.0,9831.0,10422.0
2018-02-01,Agency_13,SKU_07,4.0,0.0,9.0
2018-02-01,Agency_37,SKU_04,0.0,0.0,0.0
2018-02-01,Agency_36,SKU_03,8.0,6.0,10.0
2018-02-01,Agency_13,SKU_01,5876.0,5670.0,5999.0
2018-02-01,Agency_46,SKU_05,4641.0,4254.0,5162.0
2018-02-01,Agency_46,SKU_02,4780.0,4578.0,4981.0
2018-02-01,Agency_02,SKU_31,1.0,0.0,18.0
2018-02-01,Agency_52,SKU_04,192.0,156.0,243.0
2018-02-01,Agency_48,SKU_05,1635.0,1549.0,1753.0
2018-02-01,Agency_59,SKU_05,1440.0,1335.0,1562.0
2018-02-01,Agency_46,SKU_01,3808.0,3601.0,4050.0
2018-02-01,Agency_48,SKU_02,605.0,552.0,669.0
2018-02-01,Agency_38,SKU_04,1980.0,1630.0,2418.0
2018-02-01,Agency_23,SKU_02,52.0,46.0,59.0
2018-02-01,Agency_02,SKU_34,2.0,0.0,37.0
2018-02-01,Agency_23,SKU_01,32.0,29.0,35.0
2018-02-01,Agency_47,SKU_04,37.0,29.0,48.0
2018-02-01,Agency_08,SKU_01,181.0,163.0,201.0
2018-02-01,Agency_24,SKU_21,0.0,0.0,0.0
2018-02-01,Agency_26,SKU_05,0.0,0.0,0.0
2018-02-01,Agency_44,SKU_03,177.0,155.0,207.0
2018-02-01,Agency_58,SKU_01,5434.0,5248.0,5659.0
2018-02-01,Agency_57,SKU_23,0.0,0.0,0.0
2018-02-01,Agency_30,SKU_04,3600.0,3317.0,4005.0
2018-02-01,Agency_33,SKU_18,9.0,8.0,9.0
2018-02-01,Agency_33,SKU_03,1.0,0.0,3.0
2018-02-01,Agency_53,SKU_24,0.0,0.0,0.0
2018-02-01,Agency_58,SKU_04,1266.0,1071.0,1514.0
2018-02-01,Agency_35,SKU_03,2.0,0.0,5.0
2018-02-01,Agency_20,SKU_05,2878.0,2683.0,3079.0
2018-02-01,Agency_30,SKU_06,4.0,3.0,6.0
2018-02-01,Agency_53,SKU_03,327.0,260.0,411.0
2018-02-01,Agency_20,SKU_02,11637.0,11356.0,12219.0
2018-02-01,Agency_27,SKU_04,2972.0,2921.0,3062.0
2018-02-01,Agency_35,SKU_32,0.0,0.0,0.0
2018-02-01,Agency_44,SKU_04,43.0,21.0,69.0
2018-02-01,Agency_01,SKU_03,23.0,17.0,30.0
2018-02-01,Agency_30,SKU_05,258.0,241.0,278.0
2018-02-01,Agency_09,SKU_04,983.0,851.0,1097.0
2018-02-01,Agency_25,SKU_03,1.0,0.0,5.0
2018-02-01,Agency_09,SKU_27,0.0,0.0,0.0
2018-02-01,Agency_25,SKU_01,7.0,5.0,9.0
2018-02-01,Agency_26,SKU_02,0.0,0.0,0.0
2018-02-01,Agency_02,SKU_05,1469.0,1252.0,1596.0
2018-02-01,Agency_26,SKU_01,0.0,0.0,0.0
2018-02-01,Agency_02,SKU_02,5740.0,5594.0,5907.0
2018-02-01,Agency_32,SKU_04,2152.0,2027.0,2322.0
2018-02-01,Agency_02,SKU_01,5467.0,5342.0,5598.0
2018-02-01,Agency_09,SKU_03,7165.0,6944.0,7350.0
2018-02-01,Agency_25,SKU_04,10.0,7.0,16.0
2018-02-01,Agency_58,SKU_23,0.0,0.0,7.0
2018-02-01,Agency_40,SKU_04,198.0,107.0,304.0
2018-02-01,Agency_11,SKU_03,195.0,174.0,220.0
2018-02-01,Agency_58,SKU_17,0.0,0.0,5.0
2018-02-01,Agency_53,SKU_15,0.0,0.0,0.0
2018-02-01,Agency_27,SKU_03,5963.0,5740.0,6317.0
2018-02-01,Agency_07,SKU_21,0.0,0.0,0.0
2018-02-01,Agency_25,SKU_02,51.0,35.0,68.0
2018-02-01,Agency_27,SKU_08,305.0,261.0,350.0
2018-02-01,Agency_58,SKU_07,36.0,31.0,43.0
2018-02-01,Agency_25,SKU_05,642.0,559.0,743.0
2018-02-01,Agency_53,SKU_01,3388.0,3307.0,3552.0
2018-02-01,Agency_56,SKU_02,988.0,697.0,1329.0
2018-02-01,Agency_13,SKU_03,219.0,178.0,270.0
2018-02-01,Agency_11,SKU_05,0.0,0.0,2.0
2018-02-01,Agency_12,SKU_01,11614.0,10803.0,12296.0
2018-02-01,Agency_54,SKU_03,187.0,171.0,206.0
2018-02-01,Agency_10,SKU_04,826.0,713.0,985.0
2018-02-01,Agency_11,SKU_02,4.0,2.0,7.0
2018-02-01,Agency_39,SKU_02,4686.0,4341.0,5009.0
2018-02-01,Agency_59,SKU_17,0.0,0.0,0.0
2018-02-01,Agency_12,SKU_03,591.0,524.0,679.0
2018-02-01,Agency_12,SKU_07,17.0,11.0,25.0
2018-02-01,Agency_45,SKU_04,270.0,230.0,313.0
2018-02-01,Agency_39,SKU_07,7.0,5.0,10.0
2018-02-01,Agency_10,SKU_05,160.0,140.0,187.0
2018-02-01,Agency_39,SKU_01,3140.0,2847.0,3387.0
2018-02-01,Agency_45,SKU_05,615.0,551.0,681.0
2018-02-01,Agency_48,SKU_07,2.0,0.0,7.0
2018-02-01,Agency_10,SKU_02,191.0,171.0,212.0
2018-02-01,Agency_39,SKU_04,1351.0,1040.0,1716.0
2018-02-01,Agency_50,SKU_04,1525.0,1459.0,1596.0
2018-02-01,Agency_46,SKU_17,0.0,0.0,0.0
2018-02-01,Agency_45,SKU_02,68.0,56.0,80.0
2018-02-01,Agency_39,SKU_03,288.0,229.0,363.0
2018-02-01,Agency_54,SKU_14,0.0,0.0,0.0
2018-02-01,Agency_20,SKU_07,3.0,2.0,5.0
2018-02-01,Agency_55,SKU_04,1839.0,1477.0,2167.0
2018-02-01,Agency_10,SKU_03,3653.0,3457.0,3922.0
2018-02-01,Agency_11,SKU_01,283.0,269.0,297.0
2018-02-01,Agency_50,SKU_05,3094.0,2915.0,3276.0
2018-02-01,Agency_55,SKU_05,1195.0,912.0,1427.0
2018-02-01,Agency_12,SKU_05,3003.0,2597.0,3467.0
2018-02-01,Agency_50,SKU_02,8881.0,8848.0,9091.0
2018-02-01,Agency_55,SKU_01,3463.0,3250.0,3583.0
2018-02-01,Agency_55,SKU_02,1253.0,1015.0,1515.0
2018-02-01,Agency_50,SKU_03,316.0,277.0,376.0
2018-02-01,Agency_12,SKU_02,7660.0,7174.0,8219.0
2018-02-01,Agency_10,SKU_23,0.0,0.0,0.0
2018-02-01,Agency_54,SKU_15,0.0,0.0,0.0
2018-02-01,Agency_10,SKU_32,41.0,27.0,59.0
2018-02-01,Agency_55,SKU_03,6906.0,6395.0,7405.0
2018-02-01,Agency_10,SKU_21,0.0,0.0,0.0
2018-02-01,Agency_50,SKU_01,1302.0,1275.0,1332.0
2018-02-01,Agency_11,SKU_04,80.0,64.0,103.0
2018-02-01,Agency_45,SKU_01,76.0,67.0,84.0
2018-02-01,Agency_54,SKU_04,125.0,95.0,159.0
2018-02-01,Agency_48,SKU_01,2932.0,2853.0,3003.0
2018-02-01,Agency_37,SKU_18,2.0,2.0,2.0
2018-02-01,Agency_48,SKU_23,0.0,0.0,0.0
2018-02-01,Agency_59,SKU_04,1112.0,947.0,1340.0
2018-02-01,Agency_46,SKU_04,2562.0,2286.0,2986.0
2018-02-01,Agency_53,SKU_05,5835.0,5486.0,6124.0
2018-02-01,Agency_47,SKU_17,0.0,0.0,0.0
2018-02-01,Agency_38,SKU_05,2761.0,2601.0,3035.0
2018-02-01,Agency_48,SKU_04,1851.0,1718.0,2046.0
2018-02-01,Agency_48,SKU_17,0.0,0.0,0.0
2018-02-01,Agency_53,SKU_02,5622.0,5524.0,5875.0
2018-02-01,Agency_38,SKU_02,4250.0,4096.0,4456.0
2018-02-01,Agency_47,SKU_03,240.0,225.0,256.0
2018-02-01,Agency_13,SKU_05,1430.0,1342.0,1529.0
2018-02-01,Agency_50,SKU_17,0.0,0.0,0.0
2018-02-01,Agency_38,SKU_03,2032.0,1790.0,2345.0
2018-02-01,Agency_52,SKU_03,32.0,26.0,38.0
2018-02-01,Agency_13,SKU_02,6085.0,5864.0,6465.0
2018-02-01,Agency_53,SKU_07,9.0,2.0,17.0
2018-02-01,Agency_02,SKU_03,17399.0,17104.0,18073.0
2018-02-01,Agency_38,SKU_14,0.0,0.0,0.0
2018-02-01,Agency_47,SKU_01,4.0,3.0,5.0
2018-02-01,Agency_59,SKU_01,6839.0,6667.0,7006.0
2018-02-01,Agency_10,SKU_01,1804.0,1716.0,1873.0
2018-02-01,Agency_45,SKU_03,30.0,26.0,34.0
2018-02-01,Agency_59,SKU_03,629.0,580.0,693.0
2018-02-01,Agency_45,SKU_08,7.0,6.0,7.0
2018-02-01,Agency_38,SKU_21,0.0,0.0,0.0
2018-02-01,Agency_54,SKU_05,113.0,101.0,125.0
2018-02-01,Agency_54,SKU_02,45.0,41.0,51.0
2018-02-01,Agency_12,SKU_04,1512.0,1269.0,1826.0
2018-02-01,Agency_54,SKU_01,60.0,55.0,66.0
2018-02-01,Agency_46,SKU_03,3216.0,3111.0,3378.0
2018-02-01,Agency_39,SKU_05,5816.0,5437.0,6168.0
2018-02-01,Agency_48,SKU_03,9752.0,9527.0,10182.0
2018-02-01,Agency_59,SKU_02,5251.0,5016.0,5571.0
2018-02-01,Agency_47,SKU_05,0.0,0.0,0.0
2018-02-01,Agency_13,SKU_04,671.0,466.0,852.0
2018-02-01,Agency_47,SKU_02,0.0,0.0,0.0
2018-02-01,Agency_59,SKU_07,12.0,10.0,14.0
2018-02-01,Agency_13,SKU_20,0.0,0.0,0.0
2018-02-01,Agency_48,SKU_28,0.0,0.0,0.0
2018-02-01,Agency_38,SKU_07,68.0,55.0,82.0
2018-02-01,Agency_27,SKU_06,81.0,58.0,106.0
2018-02-01,Agency_05,SKU_21,0.0,0.0,0.0
2018-02-01,Agency_20,SKU_01,3071.0,2992.0,3162.0
2018-02-01,Agency_15,SKU_05,171.0,156.0,189.0
2018-02-01,Agency_18,SKU_05,413.0,372.0,457.0
2018-02-01,Agency_16,SKU_07,14.0,8.0,23.0
2018-02-01,Agency_29,SKU_04,28.0,24.0,32.0
2018-02-01,Agency_15,SKU_02,682.0,634.0,747.0
2018-02-01,Agency_43,SKU_04,199.0,143.0,273.0
2018-02-01,Agency_18,SKU_02,22.0,10.0,37.0
2018-02-01,Agency_16,SKU_01,7505.0,7314.0,7692.0
2018-02-01,Agency_51,SKU_02,4801.0,4605.0,5054.0
2018-02-01,Agency_41,SKU_04,786.0,726.0,868.0
2018-02-01,Agency_04,SKU_03,483.0,435.0,537.0
2018-02-01,Agency_29,SKU_06,14.0,10.0,17.0
2018-02-01,Agency_51,SKU_01,4180.0,3987.0,4406.0
2018-02-01,Agency_43,SKU_05,559.0,460.0,665.0
2018-02-01,Agency_18,SKU_01,0.0,0.0,0.0
2018-02-01,Agency_03,SKU_05,663.0,616.0,710.0
2018-02-01,Agency_43,SKU_02,453.0,377.0,537.0
2018-02-01,Agency_03,SKU_03,8562.0,8217.0,9010.0
2018-02-01,Agency_51,SKU_07,6.0,1.0,14.0
2018-02-01,Agency_03,SKU_02,476.0,437.0,520.0
2018-02-01,Agency_51,SKU_05,1699.0,1547.0,1900.0
2018-02-01,Agency_31,SKU_01,209.0,187.0,231.0
2018-02-01,Agency_05,SKU_26,0.0,0.0,0.0
2018-02-01,Agency_21,SKU_05,283.0,242.0,331.0
2018-02-01,Agency_31,SKU_04,735.0,616.0,928.0
2018-02-01,Agency_21,SKU_02,92.0,81.0,105.0
2018-02-01,Agency_15,SKU_04,129.0,104.0,158.0
2018-02-01,Agency_05,SKU_05,392.0,366.0,418.0
2018-02-01,Agency_49,SKU_04,1734.0,1643.0,1872.0
2018-02-01,Agency_43,SKU_03,66.0,26.0,109.0
2018-02-01,Agency_23,SKU_05,520.0,464.0,595.0
2018-02-01,Agency_05,SKU_02,1118.0,1049.0,1197.0
2018-02-01,Agency_21,SKU_01,38.0,33.0,44.0
2018-02-01,Agency_31,SKU_05,27.0,23.0,31.0
2018-02-01,Agency_31,SKU_02,36.0,31.0,41.0
2018-02-01,Agency_23,SKU_04,42.0,32.0,53.0
2018-02-01,Agency_49,SKU_34,0.0,0.0,0.0
2018-02-01,Agency_05,SKU_23,0.0,0.0,0.0
2018-02-01,Agency_05,SKU_01,8900.0,8758.0,9200.0
2018-02-01,Agency_21,SKU_03,29.0,26.0,33.0
2018-02-01,Agency_41,SKU_03,1525.0,1414.0,1639.0
2018-02-01,Agency_21,SKU_21,0.0,0.0,0.0
2018-02-01,Agency_43,SKU_01,285.0,229.0,358.0
2018-02-01,Agency_04,SKU_04,51.0,40.0,70.0
2018-02-01,Agency_28,SKU_08,8.0,6.0,9.0
2018-02-01,Agency_51,SKU_17,0.0,0.0,0.0
2018-02-01,Agency_16,SKU_05,1269.0,1196.0,1361.0
2018-02-01,Agency_17,SKU_05,779.0,715.0,850.0
2018-02-01,Agency_16,SKU_02,5548.0,5210.0,5952.0
2018-02-01,Agency_17,SKU_02,1103.0,1041.0,1171.0
2018-02-01,Agency_28,SKU_04,60.0,38.0,87.0
2018-02-01,Agency_56,SKU_04,3446.0,3017.0,3941.0
2018-02-01,Agency_51,SKU_03,5109.0,4928.0,5332.0
2018-02-01,Agency_16,SKU_20,0.0,0.0,0.0
2018-02-01,Agency_28,SKU_06,821.0,694.0,946.0
2018-02-01,Agency_51,SKU_04,3153.0,2938.0,3483.0
2018-02-01,Agency_17,SKU_01,129.0,120.0,141.0
2018-02-01,Agency_28,SKU_05,1.0,1.0,1.0
2018-02-01,Agency_28,SKU_02,28.0,20.0,38.0
2018-02-01,Agency_56,SKU_05,501.0,376.0,631.0
2018-02-01,Agency_28,SKU_01,41.0,30.0,53.0
2018-02-01,Agency_42,SKU_03,1428.0,1373.0,1519.0
2018-02-01,Agency_56,SKU_03,8268.0,7844.0,8680.0
2018-02-01,Agency_18,SKU_03,0.0,0.0,0.0
2018-02-01,Agency_17,SKU_04,298.0,254.0,350.0
2018-02-01,Agency_16,SKU_03,129.0,109.0,153.0
2018-02-01,Agency_41,SKU_05,2597.0,2458.0,2693.0
2018-02-01,Agency_03,SKU_01,841.0,736.0,1000.0
2018-02-01,Agency_29,SKU_03,4.0,0.0,9.0
2018-02-01,Agency_41,SKU_02,3882.0,3781.0,4004.0
2018-02-01,Agency_29,SKU_08,2.0,2.0,2.0
2018-02-01,Agency_03,SKU_32,0.0,0.0,0.0
2018-02-01,Agency_41,SKU_01,4848.0,4758.0,4943.0
2018-02-01,Agency_49,SKU_23,0.0,0.0,0.0
2018-02-01,Agency_28,SKU_03,95.0,59.0,138.0
2018-02-01,Agency_29,SKU_05,18.0,14.0,21.0
2018-02-01,Agency_04,SKU_05,0.0,0.0,1.0
2018-02-01,Agency_29,SKU_02,3.0,2.0,3.0
2018-02-01,Agency_03,SKU_04,954.0,877.0,1034.0
2018-02-01,Agency_16,SKU_04,539.0,420.0,645.0
2018-02-01,Agency_18,SKU_04,195.0,161.0,231.0
2018-02-01,Agency_04,SKU_02,0.0,0.0,1.0
2018-02-01,Agency_04,SKU_01,18.0,14.0,22.0
2018-02-01,Agency_29,SKU_01,6.0,5.0,7.0
2018-02-01,Agency_17,SKU_03,26.0,23.0,30.0
2018-02-01,Agency_30,SKU_02,181.0,158.0,208.0
2018-02-01,Agency_49,SKU_01,2087.0,2038.0,2136.0
2018-02-01,Agency_23,SKU_03,11.0,7.0,17.0
2018-02-01,Agency_58,SKU_02,4524.0,4293.0,4840.0
2018-02-01,Agency_20,SKU_23,0.0,0.0,0.0
2018-02-01,Agency_19,SKU_02,82.0,73.0,92.0
2018-02-01,Agency_01,SKU_11,13.0,9.0,17.0
2018-02-01,Agency_57,SKU_05,2278.0,2091.0,2518.0
2018-02-01,Agency_19,SKU_01,12.0,4.0,21.0
2018-02-01,Agency_57,SKU_17,0.0,0.0,3.0
2018-02-01,Agency_34,SKU_04,5.0,0.0,16.0
2018-02-01,Agency_24,SKU_03,3.0,0.0,7.0
2018-02-01,Agency_57,SKU_02,6200.0,5765.0,6682.0
2018-02-01,Agency_07,SKU_04,1346.0,1125.0,1522.0
2018-02-01,Agency_57,SKU_07,108.0,99.0,117.0
2018-02-01,Agency_24,SKU_04,51.0,37.0,72.0
2018-02-01,Agency_34,SKU_22,0.0,0.0,0.0
2018-02-01,Agency_57,SKU_01,9137.0,8711.0,9658.0
2018-02-01,Agency_22,SKU_03,81.0,74.0,89.0
2018-02-01,Agency_60,SKU_04,1438.0,1285.0,1646.0
2018-02-01,Agency_01,SKU_05,18.0,16.0,21.0
2018-02-01,Agency_60,SKU_23,0.0,0.0,0.0
2018-02-01,Agency_19,SKU_03,47.0,41.0,53.0
2018-02-01,Agency_58,SKU_05,1467.0,1287.0,1660.0
2018-02-01,Agency_01,SKU_04,72.0,49.0,104.0
2018-02-01,Agency_35,SKU_04,0.0,0.0,6.0
2018-02-01,Agency_58,SKU_03,303.0,254.0,360.0
2018-02-01,Agency_34,SKU_03,3.0,2.0,3.0
2018-02-01,Agency_27,SKU_05,86.0,78.0,94.0
2018-02-01,Agency_09,SKU_05,1115.0,1074.0,1171.0
2018-02-01,Agency_44,SKU_05,0.0,0.0,10.0
2018-02-01,Agency_30,SKU_01,982.0,920.0,1043.0
2018-02-01,Agency_30,SKU_03,12890.0,12662.0,13304.0
2018-02-01,Agency_53,SKU_04,1760.0,1502.0,1959.0
2018-02-01,Agency_27,SKU_02,715.0,669.0,763.0
2018-02-01,Agency_09,SKU_02,1221.0,1154.0,1259.0
2018-02-01,Agency_44,SKU_02,6.0,0.0,22.0
2018-02-01,Agency_33,SKU_04,14.0,7.0,23.0
2018-02-01,Agency_57,SKU_03,1257.0,1148.0,1389.0
2018-02-01,Agency_30,SKU_08,89.0,80.0,98.0
2018-02-01,Agency_44,SKU_01,29.0,10.0,49.0
2018-02-01,Agency_27,SKU_01,1873.0,1788.0,1972.0
2018-02-01,Agency_09,SKU_01,3321.0,3129.0,3425.0
2018-02-01,Agency_07,SKU_03,624.0,535.0,723.0
2018-02-01,Agency_05,SKU_03,719.0,641.0,822.0
2018-02-01,Agency_01,SKU_02,31.0,24.0,40.0
2018-02-01,Agency_19,SKU_08,2.0,1.0,2.0
2018-02-01,Agency_60,SKU_07,69.0,60.0,80.0
2018-02-01,Agency_22,SKU_01,81.0,70.0,94.0
2018-02-01,Agency_60,SKU_01,9912.0,9738.0,10127.0
2018-02-01,Agency_23,SKU_21,0.0,0.0,0.0
2018-02-01,Agency_05,SKU_14,0.0,0.0,0.0
2018-02-01,Agency_42,SKU_04,110.0,92.0,133.0
2018-02-01,Agency_31,SKU_03,635.0,587.0,682.0
2018-02-01,Agency_15,SKU_01,1346.0,1185.0,1502.0
2018-02-01,Agency_22,SKU_02,155.0,141.0,172.0
2018-02-01,Agency_21,SKU_04,35.0,28.0,43.0
2018-02-01,Agency_49,SKU_03,10320.0,10086.0,10699.0
2018-02-01,Agency_15,SKU_03,124.0,102.0,148.0
2018-02-01,Agency_42,SKU_05,491.0,432.0,548.0
2018-02-01,Agency_49,SKU_05,2431.0,2289.0,2577.0
2018-02-01,Agency_42,SKU_02,176.0,163.0,192.0
2018-02-01,Agency_49,SKU_02,2865.0,2801.0,2930.0
2018-02-01,Agency_42,SKU_01,294.0,276.0,315.0
2018-02-01,Agency_49,SKU_07,0.0,0.0,3.0
2018-02-01,Agency_31,SKU_08,0.0,0.0,1.0
2018-02-01,Agency_57,SKU_04,1949.0,1725.0,2289.0
2018-02-01,Agency_05,SKU_04,4174.0,3776.0,4491.0
2018-02-01,Agency_60,SKU_02,5541.0,5371.0,5812.0
2018-02-01,Agency_20,SKU_03,218.0,172.0,274.0
2018-02-01,Agency_01,SKU_01,47.0,39.0,56.0
2018-02-01,Agency_26,SKU_18,0.0,0.0,0.0
2018-02-01,Agency_07,SKU_05,143.0,100.0,178.0
2018-02-01,Agency_24,SKU_05,438.0,400.0,485.0
2018-02-01,Agency_26,SKU_03,0.0,0.0,0.0
2018-02-01,Agency_07,SKU_02,982.0,878.0,1083.0
2018-02-01,Agency_24,SKU_02,117.0,106.0,128.0
2018-02-01,Agency_22,SKU_05,263.0,243.0,287.0
2018-02-01,Agency_22,SKU_04,41.0,34.0,51.0
2018-02-01,Agency_24,SKU_01,1.0,1.0,2.0
2018-02-01,Agency_20,SKU_21,0.0,0.0,0.0
2018-02-01,Agency_19,SKU_04,100.0,81.0,124.0
2018-02-01,Agency_07,SKU_01,7304.0,7130.0,7610.0
2018-02-01,Agency_20,SKU_04,1598.0,1332.0,1924.0
2018-02-01,Agency_08,SKU_03,10.0,7.0,13.0
2018-02-01,Agency_60,SKU_05,1783.0,1688.0,1889.0
2018-02-01,Agency_19,SKU_05,82.0,75.0,89.0
2018-02-01,Agency_60,SKU_03,369.0,294.0,469.0
2018-02-01,Agency_56,SKU_01,3846.0,3570.0,4046.0
2018-03-01,Agency_52,SKU_02,1250.0,1158.0,1337.0
2018-03-01,Agency_32,SKU_05,4015.0,3817.0,4212.0
2018-03-01,Agency_09,SKU_21,0.0,0.0,0.0
2018-03-01,Agency_08,SKU_04,157.0,144.0,164.0
2018-03-01,Agency_52,SKU_05,775.0,720.0,838.0
2018-03-01,Agency_32,SKU_03,1316.0,1243.0,1399.0
2018-03-01,Agency_02,SKU_12,8.0,0.0,22.0
2018-03-01,Agency_25,SKU_21,0.0,0.0,0.0
2018-03-01,Agency_52,SKU_01,163.0,146.0,181.0
2018-03-01,Agency_32,SKU_02,2721.0,2570.0,2847.0
2018-03-01,Agency_36,SKU_22,7.0,2.0,13.0
2018-03-01,Agency_02,SKU_11,0.0,0.0,4.0
2018-03-01,Agency_08,SKU_05,9.0,3.0,16.0
2018-03-01,Agency_40,SKU_18,0.0,0.0,0.0
2018-03-01,Agency_32,SKU_01,1838.0,1786.0,1886.0
2018-03-01,Agency_08,SKU_02,17.0,9.0,24.0
2018-03-01,Agency_26,SKU_04,1.0,1.0,3.0
2018-03-01,Agency_26,SKU_11,5.0,4.0,6.0
2018-03-01,Agency_32,SKU_14,0.0,0.0,0.0
2018-03-01,Agency_02,SKU_04,2978.0,2755.0,3133.0
2018-03-01,Agency_36,SKU_04,0.0,0.0,5.0
2018-03-01,Agency_40,SKU_03,30.0,24.0,37.0
2018-03-01,Agency_38,SKU_01,10741.0,10417.0,11152.0
2018-03-01,Agency_13,SKU_07,11.0,5.0,17.0
2018-03-01,Agency_37,SKU_04,0.0,0.0,14.0
2018-03-01,Agency_36,SKU_03,10.0,8.0,11.0
2018-03-01,Agency_13,SKU_01,6640.0,6345.0,6787.0
2018-03-01,Agency_46,SKU_05,5233.0,4758.0,5772.0
2018-03-01,Agency_46,SKU_02,5100.0,4838.0,5332.0
2018-03-01,Agency_02,SKU_31,16.0,1.0,33.0
2018-03-01,Agency_52,SKU_04,246.0,210.0,287.0
2018-03-01,Agency_48,SKU_05,1713.0,1635.0,1815.0
2018-03-01,Agency_59,SKU_05,1540.0,1431.0,1645.0
2018-03-01,Agency_46,SKU_01,4249.0,3942.0,4538.0
2018-03-01,Agency_48,SKU_02,671.0,608.0,734.0
2018-03-01,Agency_38,SKU_04,2366.0,1981.0,2805.0
2018-03-01,Agency_23,SKU_02,52.0,46.0,59.0
2018-03-01,Agency_02,SKU_34,34.0,3.0,66.0
2018-03-01,Agency_23,SKU_01,36.0,32.0,40.0
2018-03-01,Agency_47,SKU_04,44.0,37.0,54.0
2018-03-01,Agency_08,SKU_01,194.0,176.0,211.0
2018-03-01,Agency_24,SKU_21,0.0,0.0,0.0
2018-03-01,Agency_26,SKU_05,0.0,0.0,0.0
2018-03-01,Agency_44,SKU_03,185.0,159.0,218.0
2018-03-01,Agency_58,SKU_01,6194.0,5883.0,6398.0
2018-03-01,Agency_57,SKU_23,0.0,0.0,0.0
2018-03-01,Agency_30,SKU_04,4150.0,3868.0,4472.0
2018-03-01,Agency_33,SKU_18,10.0,9.0,10.0
2018-03-01,Agency_33,SKU_03,3.0,1.0,4.0
2018-03-01,Agency_53,SKU_24,0.0,0.0,0.0
2018-03-01,Agency_58,SKU_04,1619.0,1430.0,1759.0
2018-03-01,Agency_35,SKU_03,3.0,1.0,7.0
2018-03-01,Agency_20,SKU_05,3037.0,2860.0,3160.0
2018-03-01,Agency_30,SKU_06,7.0,5.0,9.0
2018-03-01,Agency_53,SKU_03,401.0,327.0,479.0
2018-03-01,Agency_20,SKU_02,13190.0,12645.0,13811.0
2018-03-01,Agency_27,SKU_04,3583.0,3490.0,3720.0
2018-03-01,Agency_35,SKU_32,0.0,0.0,0.0
2018-03-01,Agency_44,SKU_04,66.0,43.0,91.0
2018-03-01,Agency_01,SKU_03,28.0,21.0,36.0
2018-03-01,Agency_30,SKU_05,265.0,248.0,284.0
2018-03-01,Agency_09,SKU_04,1401.0,1248.0,1490.0
2018-03-01,Agency_25,SKU_03,6.0,1.0,11.0
2018-03-01,Agency_09,SKU_27,0.0,0.0,0.0
2018-03-01,Agency_25,SKU_01,8.0,6.0,10.0
2018-03-01,Agency_26,SKU_02,0.0,0.0,0.0
2018-03-01,Agency_02,SKU_05,1963.0,1707.0,2105.0
2018-03-01,Agency_26,SKU_01,0.0,0.0,0.0
2018-03-01,Agency_02,SKU_02,6678.0,6389.0,6987.0
2018-03-01,Agency_32,SKU_04,2460.0,2309.0,2611.0
2018-03-01,Agency_02,SKU_01,6202.0,5969.0,6439.0
2018-03-01,Agency_09,SKU_03,7531.0,7181.0,7882.0
2018-03-01,Agency_25,SKU_04,14.0,11.0,19.0
2018-03-01,Agency_58,SKU_23,7.0,0.0,18.0
2018-03-01,Agency_40,SKU_04,391.0,284.0,494.0
2018-03-01,Agency_11,SKU_03,218.0,195.0,244.0
2018-03-01,Agency_58,SKU_17,4.0,0.0,15.0
2018-03-01,Agency_53,SKU_15,0.0,0.0,0.0
2018-03-01,Agency_27,SKU_03,6205.0,5896.0,6603.0
2018-03-01,Agency_07,SKU_21,0.0,0.0,0.0
2018-03-01,Agency_25,SKU_02,64.0,48.0,80.0
2018-03-01,Agency_27,SKU_08,370.0,321.0,412.0
2018-03-01,Agency_58,SKU_07,47.0,39.0,54.0
2018-03-01,Agency_25,SKU_05,822.0,726.0,928.0
2018-03-01,Agency_53,SKU_01,4128.0,3916.0,4348.0
2018-03-01,Agency_56,SKU_02,1110.0,822.0,1405.0
2018-03-01,Agency_13,SKU_03,238.0,194.0,288.0
2018-03-01,Agency_11,SKU_05,6.0,1.0,11.0
2018-03-01,Agency_12,SKU_01,12272.0,11376.0,12934.0
2018-03-01,Agency_54,SKU_03,207.0,192.0,224.0
2018-03-01,Agency_10,SKU_04,993.0,896.0,1080.0
2018-03-01,Agency_11,SKU_02,6.0,4.0,9.0
2018-03-01,Agency_39,SKU_02,4995.0,4597.0,5316.0
2018-03-01,Agency_59,SKU_17,0.0,0.0,0.0
2018-03-01,Agency_12,SKU_03,601.0,535.0,680.0
2018-03-01,Agency_12,SKU_07,23.0,17.0,30.0
2018-03-01,Agency_45,SKU_04,299.0,259.0,339.0
2018-03-01,Agency_39,SKU_07,11.0,8.0,13.0
2018-03-01,Agency_10,SKU_05,179.0,156.0,207.0
2018-03-01,Agency_39,SKU_01,3529.0,3137.0,3803.0
2018-03-01,Agency_45,SKU_05,659.0,594.0,724.0
2018-03-01,Agency_48,SKU_07,8.0,3.0,14.0
2018-03-01,Agency_10,SKU_02,211.0,187.0,231.0
2018-03-01,Agency_39,SKU_04,1772.0,1472.0,2008.0
2018-03-01,Agency_50,SKU_04,1980.0,1882.0,2043.0
2018-03-01,Agency_46,SKU_17,0.0,0.0,0.0
2018-03-01,Agency_45,SKU_02,69.0,57.0,80.0
2018-03-01,Agency_39,SKU_03,297.0,238.0,368.0
2018-03-01,Agency_54,SKU_14,0.0,0.0,0.0
2018-03-01,Agency_20,SKU_07,4.0,3.0,6.0
2018-03-01,Agency_55,SKU_04,2500.0,2164.0,2689.0
2018-03-01,Agency_10,SKU_03,3795.0,3583.0,4060.0
2018-03-01,Agency_11,SKU_01,296.0,282.0,312.0
2018-03-01,Agency_50,SKU_05,3627.0,3398.0,3770.0
2018-03-01,Agency_55,SKU_05,1586.0,1284.0,1853.0
2018-03-01,Agency_12,SKU_05,3346.0,2927.0,3776.0
2018-03-01,Agency_50,SKU_02,10134.0,9916.0,10432.0
2018-03-01,Agency_55,SKU_01,4169.0,3862.0,4373.0
2018-03-01,Agency_55,SKU_02,1354.0,1111.0,1595.0
2018-03-01,Agency_50,SKU_03,363.0,329.0,410.0
2018-03-01,Agency_12,SKU_02,8186.0,7555.0,8811.0
2018-03-01,Agency_10,SKU_23,0.0,0.0,0.0
2018-03-01,Agency_54,SKU_15,0.0,0.0,0.0
2018-03-01,Agency_10,SKU_32,59.0,44.0,76.0
2018-03-01,Agency_55,SKU_03,7399.0,6886.0,7890.0
2018-03-01,Agency_10,SKU_21,0.0,0.0,0.0
2018-03-01,Agency_50,SKU_01,1442.0,1393.0,1492.0
2018-03-01,Agency_11,SKU_04,97.0,83.0,114.0
2018-03-01,Agency_45,SKU_01,78.0,69.0,86.0
2018-03-01,Agency_54,SKU_04,183.0,150.0,212.0
2018-03-01,Agency_48,SKU_01,3248.0,3117.0,3342.0
2018-03-01,Agency_37,SKU_18,2.0,2.0,2.0
2018-03-01,Agency_48,SKU_23,0.0,0.0,0.0
2018-03-01,Agency_59,SKU_04,1388.0,1257.0,1537.0
2018-03-01,Agency_46,SKU_04,2997.0,2753.0,3278.0
2018-03-01,Agency_53,SKU_05,6239.0,5851.0,6520.0
2018-03-01,Agency_47,SKU_17,0.0,0.0,0.0
2018-03-01,Agency_38,SKU_05,2948.0,2827.0,3119.0
2018-03-01,Agency_48,SKU_04,2206.0,2074.0,2310.0
2018-03-01,Agency_48,SKU_17,0.0,0.0,0.0
2018-03-01,Agency_53,SKU_02,6729.0,6457.0,7036.0
2018-03-01,Agency_38,SKU_02,4641.0,4439.0,4866.0
2018-03-01,Agency_47,SKU_03,244.0,229.0,260.0
2018-03-01,Agency_13,SKU_05,1486.0,1392.0,1601.0
2018-03-01,Agency_50,SKU_17,0.0,0.0,0.0
2018-03-01,Agency_38,SKU_03,2606.0,2268.0,2984.0
2018-03-01,Agency_52,SKU_03,38.0,32.0,44.0
2018-03-01,Agency_13,SKU_02,6320.0,6012.0,6747.0
2018-03-01,Agency_53,SKU_07,17.0,8.0,25.0
2018-03-01,Agency_02,SKU_03,19034.0,18352.0,19941.0
2018-03-01,Agency_38,SKU_14,0.0,0.0,1.0
2018-03-01,Agency_47,SKU_01,6.0,5.0,7.0
2018-03-01,Agency_59,SKU_01,7613.0,7343.0,7797.0
2018-03-01,Agency_10,SKU_01,2132.0,2007.0,2206.0
2018-03-01,Agency_45,SKU_03,30.0,26.0,34.0
2018-03-01,Agency_59,SKU_03,671.0,615.0,741.0
2018-03-01,Agency_45,SKU_08,8.0,7.0,8.0
2018-03-01,Agency_38,SKU_21,0.0,0.0,0.0
2018-03-01,Agency_54,SKU_05,128.0,116.0,141.0
2018-03-01,Agency_54,SKU_02,50.0,46.0,55.0
2018-03-01,Agency_12,SKU_04,1938.0,1654.0,2252.0
2018-03-01,Agency_54,SKU_01,66.0,60.0,71.0
2018-03-01,Agency_46,SKU_03,3278.0,3146.0,3456.0
2018-03-01,Agency_39,SKU_05,6292.0,5922.0,6516.0
2018-03-01,Agency_48,SKU_03,11120.0,10737.0,11560.0
2018-03-01,Agency_59,SKU_02,5439.0,5150.0,5782.0
2018-03-01,Agency_47,SKU_05,0.0,0.0,0.0
2018-03-01,Agency_13,SKU_04,1268.0,1044.0,1385.0
2018-03-01,Agency_47,SKU_02,0.0,0.0,5.0
2018-03-01,Agency_59,SKU_07,15.0,13.0,17.0
2018-03-01,Agency_13,SKU_20,0.0,0.0,3.0
2018-03-01,Agency_48,SKU_28,0.0,0.0,0.0
2018-03-01,Agency_38,SKU_07,80.0,66.0,95.0
2018-03-01,Agency_27,SKU_06,99.0,76.0,124.0
2018-03-01,Agency_05,SKU_21,0.0,0.0,0.0
2018-03-01,Agency_20,SKU_01,3357.0,3239.0,3468.0
2018-03-01,Agency_15,SKU_05,196.0,179.0,211.0
2018-03-01,Agency_18,SKU_05,459.0,420.0,494.0
2018-03-01,Agency_16,SKU_07,22.0,17.0,30.0
2018-03-01,Agency_29,SKU_04,32.0,29.0,35.0
2018-03-01,Agency_15,SKU_02,720.0,660.0,792.0
2018-03-01,Agency_43,SKU_04,280.0,226.0,329.0
2018-03-01,Agency_18,SKU_02,46.0,29.0,63.0
2018-03-01,Agency_16,SKU_01,8336.0,8005.0,8579.0
2018-03-01,Agency_51,SKU_02,5355.0,5082.0,5663.0
2018-03-01,Agency_41,SKU_04,855.0,802.0,931.0
2018-03-01,Agency_04,SKU_03,538.0,483.0,596.0
2018-03-01,Agency_29,SKU_06,15.0,12.0,19.0
2018-03-01,Agency_51,SKU_01,4717.0,4428.0,4991.0
2018-03-01,Agency_43,SKU_05,676.0,574.0,773.0
2018-03-01,Agency_18,SKU_01,0.0,0.0,4.0
2018-03-01,Agency_03,SKU_05,734.0,683.0,778.0
2018-03-01,Agency_43,SKU_02,451.0,374.0,537.0
2018-03-01,Agency_03,SKU_03,9662.0,9088.0,10073.0
2018-03-01,Agency_51,SKU_07,16.0,8.0,24.0
2018-03-01,Agency_03,SKU_02,540.0,494.0,599.0
2018-03-01,Agency_51,SKU_05,1920.0,1767.0,2117.0
2018-03-01,Agency_31,SKU_01,227.0,203.0,248.0
2018-03-01,Agency_05,SKU_26,0.0,0.0,0.0
2018-03-01,Agency_21,SKU_05,339.0,297.0,382.0
2018-03-01,Agency_31,SKU_04,898.0,793.0,1030.0
2018-03-01,Agency_21,SKU_02,104.0,92.0,115.0
2018-03-01,Agency_15,SKU_04,162.0,139.0,178.0
2018-03-01,Agency_05,SKU_05,433.0,399.0,462.0
2018-03-01,Agency_49,SKU_04,1969.0,1889.0,2083.0
2018-03-01,Agency_43,SKU_03,79.0,39.0,121.0
2018-03-01,Agency_23,SKU_05,565.0,513.0,619.0
2018-03-01,Agency_05,SKU_02,1246.0,1149.0,1334.0
2018-03-01,Agency_21,SKU_01,44.0,39.0,49.0
2018-03-01,Agency_31,SKU_05,30.0,26.0,34.0
2018-03-01,Agency_31,SKU_02,37.0,33.0,43.0
2018-03-01,Agency_23,SKU_04,60.0,50.0,70.0
2018-03-01,Agency_49,SKU_34,0.0,0.0,0.0
2018-03-01,Agency_05,SKU_23,0.0,0.0,0.0
2018-03-01,Agency_05,SKU_01,10412.0,10031.0,10829.0
2018-03-01,Agency_21,SKU_03,35.0,31.0,39.0
2018-03-01,Agency_41,SKU_03,1549.0,1426.0,1669.0
2018-03-01,Agency_21,SKU_21,0.0,0.0,0.0
2018-03-01,Agency_43,SKU_01,348.0,287.0,420.0
2018-03-01,Agency_04,SKU_04,65.0,56.0,79.0
2018-03-01,Agency_28,SKU_08,10.0,9.0,11.0
2018-03-01,Agency_51,SKU_17,0.0,0.0,1.0
2018-03-01,Agency_16,SKU_05,1326.0,1261.0,1385.0
2018-03-01,Agency_17,SKU_05,817.0,754.0,884.0
2018-03-01,Agency_16,SKU_02,5841.0,5454.0,6261.0
2018-03-01,Agency_17,SKU_02,1147.0,1083.0,1215.0
2018-03-01,Agency_28,SKU_04,77.0,56.0,101.0
2018-03-01,Agency_56,SKU_04,3826.0,3365.0,4308.0
2018-03-01,Agency_51,SKU_03,5541.0,5306.0,5790.0
2018-03-01,Agency_16,SKU_20,0.0,0.0,0.0
2018-03-01,Agency_28,SKU_06,938.0,789.0,1073.0
2018-03-01,Agency_51,SKU_04,3427.0,3276.0,3611.0
2018-03-01,Agency_17,SKU_01,139.0,127.0,152.0
2018-03-01,Agency_28,SKU_05,2.0,1.0,2.0
2018-03-01,Agency_28,SKU_02,29.0,21.0,38.0
2018-03-01,Agency_56,SKU_05,581.0,446.0,714.0
2018-03-01,Agency_28,SKU_01,43.0,32.0,53.0
2018-03-01,Agency_42,SKU_03,1445.0,1371.0,1542.0
2018-03-01,Agency_56,SKU_03,8685.0,8168.0,9124.0
2018-03-01,Agency_18,SKU_03,0.0,0.0,14.0
2018-03-01,Agency_17,SKU_04,362.0,311.0,414.0
2018-03-01,Agency_16,SKU_03,147.0,125.0,173.0
2018-03-01,Agency_41,SKU_05,2868.0,2699.0,2986.0
2018-03-01,Agency_03,SKU_01,1220.0,1114.0,1372.0
2018-03-01,Agency_29,SKU_03,8.0,2.0,13.0
2018-03-01,Agency_41,SKU_02,4336.0,4157.0,4533.0
2018-03-01,Agency_29,SKU_08,2.0,2.0,3.0
2018-03-01,Agency_03,SKU_32,0.0,0.0,5.0
2018-03-01,Agency_41,SKU_01,5287.0,5119.0,5446.0
2018-03-01,Agency_49,SKU_23,0.0,0.0,0.0
2018-03-01,Agency_28,SKU_03,109.0,74.0,146.0
2018-03-01,Agency_29,SKU_05,23.0,19.0,26.0
2018-03-01,Agency_04,SKU_05,1.0,0.0,5.0
2018-03-01,Agency_29,SKU_02,3.0,2.0,4.0
2018-03-01,Agency_03,SKU_04,1320.0,1219.0,1381.0
2018-03-01,Agency_16,SKU_04,957.0,814.0,1030.0
2018-03-01,Agency_18,SKU_04,221.0,191.0,248.0
2018-03-01,Agency_04,SKU_02,2.0,0.0,5.0
2018-03-01,Agency_04,SKU_01,22.0,18.0,27.0
2018-03-01,Agency_29,SKU_01,8.0,6.0,9.0
2018-03-01,Agency_17,SKU_03,30.0,27.0,34.0
2018-03-01,Agency_30,SKU_02,197.0,174.0,220.0
2018-03-01,Agency_49,SKU_01,2296.0,2210.0,2372.0
2018-03-01,Agency_23,SKU_03,18.0,12.0,23.0
2018-03-01,Agency_58,SKU_02,4904.0,4595.0,5245.0
2018-03-01,Agency_20,SKU_23,0.0,0.0,0.0
2018-03-01,Agency_19,SKU_02,85.0,76.0,94.0
2018-03-01,Agency_01,SKU_11,19.0,15.0,22.0
2018-03-01,Agency_57,SKU_05,2569.0,2384.0,2753.0
2018-03-01,Agency_19,SKU_01,27.0,17.0,35.0
2018-03-01,Agency_57,SKU_17,14.0,5.0,22.0
2018-03-01,Agency_34,SKU_04,16.0,7.0,27.0
2018-03-01,Agency_24,SKU_03,8.0,4.0,13.0
2018-03-01,Agency_57,SKU_02,7462.0,6891.0,8047.0
2018-03-01,Agency_07,SKU_04,1924.0,1681.0,2046.0
2018-03-01,Agency_57,SKU_07,125.0,117.0,133.0
2018-03-01,Agency_24,SKU_04,67.0,53.0,80.0
2018-03-01,Agency_34,SKU_22,0.0,0.0,1.0
2018-03-01,Agency_57,SKU_01,10040.0,9445.0,10625.0
2018-03-01,Agency_22,SKU_03,89.0,81.0,97.0
2018-03-01,Agency_60,SKU_04,1751.0,1620.0,1898.0
2018-03-01,Agency_01,SKU_05,22.0,19.0,24.0
2018-03-01,Agency_60,SKU_23,0.0,0.0,0.0
2018-03-01,Agency_19,SKU_03,52.0,45.0,59.0
2018-03-01,Agency_58,SKU_05,1681.0,1513.0,1802.0
2018-03-01,Agency_01,SKU_04,91.0,71.0,120.0
2018-03-01,Agency_35,SKU_04,6.0,0.0,16.0
2018-03-01,Agency_58,SKU_03,314.0,264.0,369.0
2018-03-01,Agency_34,SKU_03,3.0,3.0,4.0
2018-03-01,Agency_27,SKU_05,94.0,86.0,103.0
2018-03-01,Agency_09,SKU_05,1196.0,1150.0,1251.0
2018-03-01,Agency_44,SKU_05,7.0,0.0,17.0
2018-03-01,Agency_30,SKU_01,1084.0,1018.0,1145.0
2018-03-01,Agency_30,SKU_03,13960.0,13510.0,14533.0
2018-03-01,Agency_53,SKU_04,2274.0,2008.0,2395.0
2018-03-01,Agency_27,SKU_02,773.0,718.0,825.0
2018-03-01,Agency_09,SKU_02,1413.0,1344.0,1441.0
2018-03-01,Agency_44,SKU_02,9.0,0.0,24.0
2018-03-01,Agency_33,SKU_04,26.0,19.0,34.0
2018-03-01,Agency_57,SKU_03,1515.0,1385.0,1652.0
2018-03-01,Agency_30,SKU_08,104.0,94.0,112.0
2018-03-01,Agency_44,SKU_01,43.0,25.0,63.0
2018-03-01,Agency_27,SKU_01,2147.0,2010.0,2286.0
2018-03-01,Agency_09,SKU_01,3929.0,3745.0,3987.0
2018-03-01,Agency_07,SKU_03,629.0,538.0,724.0
2018-03-01,Agency_05,SKU_03,775.0,702.0,867.0
2018-03-01,Agency_01,SKU_02,39.0,31.0,49.0
2018-03-01,Agency_19,SKU_08,2.0,2.0,2.0
2018-03-01,Agency_60,SKU_07,91.0,77.0,105.0
2018-03-01,Agency_22,SKU_01,91.0,80.0,102.0
2018-03-01,Agency_60,SKU_01,11000.0,10684.0,11218.0
2018-03-01,Agency_23,SKU_21,0.0,0.0,0.0
2018-03-01,Agency_05,SKU_14,0.0,0.0,9.0
2018-03-01,Agency_42,SKU_04,131.0,113.0,146.0
2018-03-01,Agency_31,SKU_03,651.0,598.0,702.0
2018-03-01,Agency_15,SKU_01,1476.0,1292.0,1645.0
2018-03-01,Agency_22,SKU_02,162.0,148.0,177.0
2018-03-01,Agency_21,SKU_04,46.0,39.0,54.0
2018-03-01,Agency_49,SKU_03,11175.0,10811.0,11603.0
2018-03-01,Agency_15,SKU_03,127.0,105.0,150.0
2018-03-01,Agency_42,SKU_05,571.0,506.0,628.0
2018-03-01,Agency_49,SKU_05,2583.0,2426.0,2734.0
2018-03-01,Agency_42,SKU_02,191.0,175.0,208.0
2018-03-01,Agency_49,SKU_02,3112.0,3005.0,3208.0
2018-03-01,Agency_42,SKU_01,315.0,293.0,338.0
2018-03-01,Agency_49,SKU_07,0.0,0.0,9.0
2018-03-01,Agency_31,SKU_08,1.0,0.0,3.0
2018-03-01,Agency_57,SKU_04,2114.0,1941.0,2323.0
2018-03-01,Agency_05,SKU_04,5149.0,4636.0,5522.0
2018-03-01,Agency_60,SKU_02,5788.0,5565.0,6087.0
2018-03-01,Agency_20,SKU_03,252.0,204.0,307.0
2018-03-01,Agency_01,SKU_01,55.0,47.0,64.0
2018-03-01,Agency_26,SKU_18,1.0,0.0,5.0
2018-03-01,Agency_07,SKU_05,198.0,145.0,242.0
2018-03-01,Agency_24,SKU_05,487.0,445.0,529.0
2018-03-01,Agency_26,SKU_03,0.0,0.0,0.0
2018-03-01,Agency_07,SKU_02,1068.0,933.0,1177.0
2018-03-01,Agency_24,SKU_02,122.0,111.0,133.0
2018-03-01,Agency_22,SKU_05,282.0,258.0,305.0
2018-03-01,Agency_22,SKU_04,48.0,41.0,54.0
2018-03-01,Agency_24,SKU_01,2.0,2.0,3.0
2018-03-01,Agency_20,SKU_21,0.0,0.0,0.0
2018-03-01,Agency_19,SKU_04,133.0,112.0,154.0
2018-03-01,Agency_07,SKU_01,8975.0,8527.0,9398.0
2018-03-01,Agency_20,SKU_04,2061.0,1771.0,2318.0
2018-03-01,Agency_08,SKU_03,12.0,9.0,15.0
2018-03-01,Agency_60,SKU_05,1871.0,1759.0,1984.0
2018-03-01,Agency_19,SKU_05,91.0,83.0,100.0
2018-03-01,Agency_60,SKU_03,421.0,341.0,520.0
2018-03-01,Agency_56,SKU_01,4427.0,4066.0,4699.0
2018-04-01,Agency_52,SKU_02,1299.0,1184.0,1401.0
2018-04-01,Agency_32,SKU_05,4113.0,3890.0,4375.0
2018-04-01,Agency_09,SKU_21,0.0,0.0,0.0
2018-04-01,Agency_08,SKU_04,164.0,148.0,176.0
2018-04-01,Agency_52,SKU_05,766.0,705.0,823.0
2018-04-01,Agency_32,SKU_03,1327.0,1243.0,1428.0
2018-04-01,Agency_02,SKU_12,9.0,0.0,21.0
2018-04-01,Agency_25,SKU_21,0.0,0.0,0.0
2018-04-01,Agency_52,SKU_01,153.0,134.0,171.0
2018-04-01,Agency_32,SKU_02,2698.0,2523.0,2833.0
2018-04-01,Agency_36,SKU_22,7.0,2.0,13.0
2018-04-01,Agency_02,SKU_11,0.0,0.0,2.0
2018-04-01,Agency_08,SKU_05,13.0,6.0,22.0
2018-04-01,Agency_40,SKU_18,0.0,0.0,0.0
2018-04-01,Agency_32,SKU_01,1793.0,1736.0,1839.0
2018-04-01,Agency_08,SKU_02,25.0,15.0,34.0
2018-04-01,Agency_26,SKU_04,1.0,0.0,3.0
2018-04-01,Agency_26,SKU_11,5.0,3.0,6.0
2018-04-01,Agency_32,SKU_14,0.0,0.0,0.0
2018-04-01,Agency_02,SKU_04,2904.0,2556.0,3154.0
2018-04-01,Agency_36,SKU_04,0.0,0.0,2.0
2018-04-01,Agency_40,SKU_03,29.0,21.0,36.0
2018-04-01,Agency_38,SKU_01,10553.0,10192.0,10991.0
2018-04-01,Agency_13,SKU_07,12.0,6.0,17.0
2018-04-01,Agency_37,SKU_04,3.0,0.0,26.0
2018-04-01,Agency_36,SKU_03,11.0,9.0,13.0
2018-04-01,Agency_13,SKU_01,6867.0,6528.0,7038.0
2018-04-01,Agency_46,SKU_05,4912.0,4439.0,5462.0
2018-04-01,Agency_46,SKU_02,5103.0,4824.0,5317.0
2018-04-01,Agency_02,SKU_31,17.0,0.0,31.0
2018-04-01,Agency_52,SKU_04,224.0,185.0,269.0
2018-04-01,Agency_48,SKU_05,1707.0,1616.0,1833.0
2018-04-01,Agency_59,SKU_05,1600.0,1473.0,1708.0
2018-04-01,Agency_46,SKU_01,4179.0,3842.0,4425.0
2018-04-01,Agency_48,SKU_02,721.0,641.0,778.0
2018-04-01,Agency_38,SKU_04,2066.0,1702.0,2487.0
2018-04-01,Agency_23,SKU_02,54.0,47.0,60.0
2018-04-01,Agency_02,SKU_34,28.0,0.0,57.0
2018-04-01,Agency_23,SKU_01,37.0,33.0,41.0
2018-04-01,Agency_47,SKU_04,45.0,35.0,55.0
2018-04-01,Agency_08,SKU_01,192.0,172.0,208.0
2018-04-01,Agency_24,SKU_21,0.0,0.0,0.0
2018-04-01,Agency_26,SKU_05,0.0,0.0,0.0
2018-04-01,Agency_44,SKU_03,200.0,168.0,238.0
2018-04-01,Agency_58,SKU_01,6058.0,5702.0,6317.0
2018-04-01,Agency_57,SKU_23,0.0,0.0,0.0
2018-04-01,Agency_30,SKU_04,4035.0,3642.0,4498.0
2018-04-01,Agency_33,SKU_18,9.0,9.0,10.0
2018-04-01,Agency_33,SKU_03,3.0,1.0,4.0
2018-04-01,Agency_53,SKU_24,0.0,0.0,0.0
2018-04-01,Agency_58,SKU_04,1696.0,1467.0,1926.0
2018-04-01,Agency_35,SKU_03,4.0,1.0,7.0
2018-04-01,Agency_20,SKU_05,3296.0,3087.0,3545.0
2018-04-01,Agency_30,SKU_06,8.0,6.0,10.0
2018-04-01,Agency_53,SKU_03,408.0,325.0,479.0
2018-04-01,Agency_20,SKU_02,13095.0,12365.0,13874.0
2018-04-01,Agency_27,SKU_04,3128.0,2994.0,3226.0
2018-04-01,Agency_35,SKU_32,0.0,0.0,0.0
2018-04-01,Agency_44,SKU_04,57.0,30.0,89.0
2018-04-01,Agency_01,SKU_03,29.0,22.0,36.0
2018-04-01,Agency_30,SKU_05,269.0,248.0,294.0
2018-04-01,Agency_09,SKU_04,1455.0,1238.0,1610.0
2018-04-01,Agency_25,SKU_03,8.0,1.0,13.0
2018-04-01,Agency_09,SKU_27,0.0,0.0,0.0
2018-04-01,Agency_25,SKU_01,8.0,6.0,10.0
2018-04-01,Agency_26,SKU_02,0.0,0.0,0.0
2018-04-01,Agency_02,SKU_05,2419.0,2105.0,2769.0
2018-04-01,Agency_26,SKU_01,0.0,0.0,0.0
2018-04-01,Agency_02,SKU_02,6041.0,5742.0,6281.0
2018-04-01,Agency_32,SKU_04,2243.0,2102.0,2353.0
2018-04-01,Agency_02,SKU_01,5798.0,5549.0,5996.0
2018-04-01,Agency_09,SKU_03,7414.0,6934.0,8005.0
2018-04-01,Agency_25,SKU_04,15.0,10.0,19.0
2018-04-01,Agency_58,SKU_23,5.0,0.0,18.0
2018-04-01,Agency_40,SKU_04,362.0,226.0,498.0
2018-04-01,Agency_11,SKU_03,218.0,193.0,248.0
2018-04-01,Agency_58,SKU_17,1.0,0.0,14.0
2018-04-01,Agency_53,SKU_15,0.0,0.0,0.0
2018-04-01,Agency_27,SKU_03,6376.0,5995.0,6836.0
2018-04-01,Agency_07,SKU_21,0.0,0.0,0.0
2018-04-01,Agency_25,SKU_02,64.0,45.0,78.0
2018-04-01,Agency_27,SKU_08,378.0,326.0,418.0
2018-04-01,Agency_58,SKU_07,47.0,40.0,54.0
2018-04-01,Agency_25,SKU_05,819.0,700.0,943.0
2018-04-01,Agency_53,SKU_01,3800.0,3539.0,4051.0
2018-04-01,Agency_56,SKU_02,1195.0,875.0,1491.0
2018-04-01,Agency_13,SKU_03,242.0,198.0,286.0
2018-04-01,Agency_11,SKU_05,8.0,1.0,15.0
2018-04-01,Agency_12,SKU_01,13183.0,12131.0,13835.0
2018-04-01,Agency_54,SKU_03,203.0,184.0,219.0
2018-04-01,Agency_10,SKU_04,1032.0,907.0,1177.0
2018-04-01,Agency_11,SKU_02,7.0,4.0,9.0
2018-04-01,Agency_39,SKU_02,5248.0,4784.0,5552.0
2018-04-01,Agency_59,SKU_17,0.0,0.0,0.0
2018-04-01,Agency_12,SKU_03,605.0,540.0,675.0
2018-04-01,Agency_12,SKU_07,21.0,15.0,28.0
2018-04-01,Agency_45,SKU_04,279.0,231.0,329.0
2018-04-01,Agency_39,SKU_07,10.0,7.0,12.0
2018-04-01,Agency_10,SKU_05,180.0,151.0,213.0
2018-04-01,Agency_39,SKU_01,3801.0,3332.0,4061.0
2018-04-01,Agency_45,SKU_05,701.0,631.0,763.0
2018-04-01,Agency_48,SKU_07,7.0,1.0,12.0
2018-04-01,Agency_10,SKU_02,219.0,194.0,238.0
2018-04-01,Agency_39,SKU_04,1534.0,1252.0,1830.0
2018-04-01,Agency_50,SKU_04,1844.0,1680.0,1927.0
2018-04-01,Agency_46,SKU_17,0.0,0.0,0.0
2018-04-01,Agency_45,SKU_02,70.0,58.0,81.0
2018-04-01,Agency_39,SKU_03,296.0,239.0,357.0
2018-04-01,Agency_54,SKU_14,0.0,0.0,0.0
2018-04-01,Agency_20,SKU_07,5.0,3.0,6.0
2018-04-01,Agency_55,SKU_04,2418.0,2014.0,2616.0
2018-04-01,Agency_10,SKU_03,3758.0,3498.0,4082.0
2018-04-01,Agency_11,SKU_01,299.0,282.0,314.0
2018-04-01,Agency_50,SKU_05,4346.0,3992.0,4680.0
2018-04-01,Agency_55,SKU_05,1786.0,1397.0,2075.0
2018-04-01,Agency_12,SKU_05,3079.0,2610.0,3597.0
2018-04-01,Agency_50,SKU_02,8952.0,8684.0,9121.0
2018-04-01,Agency_55,SKU_01,4464.0,4047.0,4716.0
2018-04-01,Agency_55,SKU_02,1386.0,1121.0,1613.0
2018-04-01,Agency_50,SKU_03,350.0,305.0,404.0
2018-04-01,Agency_12,SKU_02,8857.0,8109.0,9637.0
2018-04-01,Agency_10,SKU_23,0.0,0.0,0.0
2018-04-01,Agency_54,SKU_15,0.0,0.0,0.0
2018-04-01,Agency_10,SKU_32,56.0,39.0,73.0
2018-04-01,Agency_55,SKU_03,7784.0,7165.0,8309.0
2018-04-01,Agency_10,SKU_21,0.0,0.0,0.0
2018-04-01,Agency_50,SKU_01,1392.0,1338.0,1435.0
2018-04-01,Agency_11,SKU_04,98.0,80.0,120.0
2018-04-01,Agency_45,SKU_01,82.0,71.0,89.0
2018-04-01,Agency_54,SKU_04,177.0,139.0,207.0
2018-04-01,Agency_48,SKU_01,3219.0,3056.0,3321.0
2018-04-01,Agency_37,SKU_18,2.0,2.0,3.0
2018-04-01,Agency_48,SKU_23,0.0,0.0,0.0
2018-04-01,Agency_59,SKU_04,1219.0,1063.0,1381.0
2018-04-01,Agency_46,SKU_04,2848.0,2540.0,3216.0
2018-04-01,Agency_53,SKU_05,6607.0,6182.0,6837.0
2018-04-01,Agency_47,SKU_17,0.0,0.0,0.0
2018-04-01,Agency_38,SKU_05,2920.0,2742.0,3178.0
2018-04-01,Agency_48,SKU_04,2096.0,1914.0,2232.0
2018-04-01,Agency_48,SKU_17,0.0,0.0,0.0
2018-04-01,Agency_53,SKU_02,6209.0,5886.0,6599.0
2018-04-01,Agency_38,SKU_02,4845.0,4573.0,5080.0
2018-04-01,Agency_47,SKU_03,243.0,227.0,257.0
2018-04-01,Agency_13,SKU_05,1510.0,1397.0,1637.0
2018-04-01,Agency_50,SKU_17,0.0,0.0,0.0
2018-04-01,Agency_38,SKU_03,2572.0,2236.0,2934.0
2018-04-01,Agency_52,SKU_03,37.0,31.0,43.0
2018-04-01,Agency_13,SKU_02,6548.0,6143.0,7053.0
2018-04-01,Agency_53,SKU_07,16.0,7.0,24.0
2018-04-01,Agency_02,SKU_03,19226.0,18430.0,20273.0
2018-04-01,Agency_38,SKU_14,0.0,0.0,4.0
2018-04-01,Agency_47,SKU_01,6.0,5.0,7.0
2018-04-01,Agency_59,SKU_01,7313.0,6943.0,7569.0
2018-04-01,Agency_10,SKU_01,2131.0,1944.0,2261.0
2018-04-01,Agency_45,SKU_03,31.0,26.0,34.0
2018-04-01,Agency_59,SKU_03,688.0,629.0,750.0
2018-04-01,Agency_45,SKU_08,8.0,7.0,9.0
2018-04-01,Agency_38,SKU_21,0.0,0.0,0.0
2018-04-01,Agency_54,SKU_05,125.0,111.0,139.0
2018-04-01,Agency_54,SKU_02,48.0,43.0,53.0
2018-04-01,Agency_12,SKU_04,1912.0,1600.0,2239.0
2018-04-01,Agency_54,SKU_01,66.0,60.0,72.0
2018-04-01,Agency_46,SKU_03,3358.0,3200.0,3566.0
2018-04-01,Agency_39,SKU_05,6857.0,6434.0,7295.0
2018-04-01,Agency_48,SKU_03,11367.0,10926.0,11921.0
2018-04-01,Agency_59,SKU_02,5640.0,5302.0,6051.0
2018-04-01,Agency_47,SKU_05,0.0,0.0,2.0
2018-04-01,Agency_13,SKU_04,1254.0,980.0,1413.0
2018-04-01,Agency_47,SKU_02,6.0,0.0,12.0
2018-04-01,Agency_59,SKU_07,14.0,12.0,16.0
2018-04-01,Agency_13,SKU_20,0.0,0.0,0.0
2018-04-01,Agency_48,SKU_28,0.0,0.0,0.0
2018-04-01,Agency_38,SKU_07,82.0,68.0,96.0
2018-04-01,Agency_27,SKU_06,83.0,59.0,107.0
2018-04-01,Agency_05,SKU_21,0.0,0.0,0.0
2018-04-01,Agency_20,SKU_01,3248.0,3083.0,3402.0
2018-04-01,Agency_15,SKU_05,210.0,188.0,228.0
2018-04-01,Agency_18,SKU_05,462.0,414.0,498.0
2018-04-01,Agency_16,SKU_07,25.0,17.0,35.0
2018-04-01,Agency_29,SKU_04,29.0,26.0,32.0
2018-04-01,Agency_15,SKU_02,774.0,701.0,861.0
2018-04-01,Agency_43,SKU_04,292.0,226.0,354.0
2018-04-01,Agency_18,SKU_02,57.0,33.0,75.0
2018-04-01,Agency_16,SKU_01,8128.0,7713.0,8425.0
2018-04-01,Agency_51,SKU_02,5526.0,5197.0,5839.0
2018-04-01,Agency_41,SKU_04,837.0,763.0,927.0
2018-04-01,Agency_04,SKU_03,561.0,501.0,615.0
2018-04-01,Agency_29,SKU_06,15.0,11.0,18.0
2018-04-01,Agency_51,SKU_01,4562.0,4231.0,4794.0
2018-04-01,Agency_43,SKU_05,681.0,577.0,766.0
2018-04-01,Agency_18,SKU_01,0.0,0.0,2.0
2018-04-01,Agency_03,SKU_05,744.0,686.0,787.0
2018-04-01,Agency_43,SKU_02,430.0,348.0,508.0
2018-04-01,Agency_03,SKU_03,9923.0,9338.0,10317.0
2018-04-01,Agency_51,SKU_07,16.0,8.0,24.0
2018-04-01,Agency_03,SKU_02,518.0,463.0,571.0
2018-04-01,Agency_51,SKU_05,1865.0,1682.0,2062.0
2018-04-01,Agency_31,SKU_01,232.0,205.0,252.0
2018-04-01,Agency_05,SKU_26,0.0,0.0,0.0
2018-04-01,Agency_21,SKU_05,346.0,293.0,390.0
2018-04-01,Agency_31,SKU_04,853.0,730.0,1028.0
2018-04-01,Agency_21,SKU_02,115.0,100.0,128.0
2018-04-01,Agency_15,SKU_04,168.0,142.0,191.0
2018-04-01,Agency_05,SKU_05,449.0,411.0,475.0
2018-04-01,Agency_49,SKU_04,1773.0,1653.0,1910.0
2018-04-01,Agency_43,SKU_03,77.0,35.0,117.0
2018-04-01,Agency_23,SKU_05,564.0,501.0,617.0
2018-04-01,Agency_05,SKU_02,1224.0,1115.0,1293.0
2018-04-01,Agency_21,SKU_01,44.0,38.0,49.0
2018-04-01,Agency_31,SKU_05,29.0,24.0,33.0
2018-04-01,Agency_31,SKU_02,36.0,31.0,41.0
2018-04-01,Agency_23,SKU_04,59.0,45.0,72.0
2018-04-01,Agency_49,SKU_34,0.0,0.0,0.0
2018-04-01,Agency_05,SKU_23,0.0,0.0,0.0
2018-04-01,Agency_05,SKU_01,10371.0,10002.0,10598.0
2018-04-01,Agency_21,SKU_03,35.0,31.0,40.0
2018-04-01,Agency_41,SKU_03,1633.0,1511.0,1758.0
2018-04-01,Agency_21,SKU_21,0.0,0.0,0.0
2018-04-01,Agency_43,SKU_01,374.0,302.0,443.0
2018-04-01,Agency_04,SKU_04,63.0,50.0,78.0
2018-04-01,Agency_28,SKU_08,10.0,8.0,11.0
2018-04-01,Agency_51,SKU_17,0.0,0.0,1.0
2018-04-01,Agency_16,SKU_05,1348.0,1275.0,1411.0
2018-04-01,Agency_17,SKU_05,794.0,724.0,865.0
2018-04-01,Agency_16,SKU_02,6084.0,5656.0,6592.0
2018-04-01,Agency_17,SKU_02,1138.0,1063.0,1221.0
2018-04-01,Agency_28,SKU_04,66.0,44.0,90.0
2018-04-01,Agency_56,SKU_04,3625.0,3114.0,4172.0
2018-04-01,Agency_51,SKU_03,5652.0,5403.0,5930.0
2018-04-01,Agency_16,SKU_20,0.0,0.0,0.0
2018-04-01,Agency_28,SKU_06,944.0,748.0,1119.0
2018-04-01,Agency_51,SKU_04,3300.0,3081.0,3556.0
2018-04-01,Agency_17,SKU_01,139.0,126.0,154.0
2018-04-01,Agency_28,SKU_05,2.0,1.0,2.0
2018-04-01,Agency_28,SKU_02,30.0,22.0,38.0
2018-04-01,Agency_56,SKU_05,546.0,391.0,702.0
2018-04-01,Agency_28,SKU_01,39.0,28.0,48.0
2018-04-01,Agency_42,SKU_03,1480.0,1388.0,1591.0
2018-04-01,Agency_56,SKU_03,9241.0,8649.0,9808.0
2018-04-01,Agency_18,SKU_03,0.0,0.0,13.0
2018-04-01,Agency_17,SKU_04,323.0,273.0,376.0
2018-04-01,Agency_16,SKU_03,153.0,129.0,176.0
2018-04-01,Agency_41,SKU_05,3020.0,2828.0,3147.0
2018-04-01,Agency_03,SKU_01,932.0,784.0,1074.0
2018-04-01,Agency_29,SKU_03,9.0,3.0,14.0
2018-04-01,Agency_41,SKU_02,4126.0,3949.0,4274.0
2018-04-01,Agency_29,SKU_08,2.0,2.0,3.0
2018-04-01,Agency_03,SKU_32,0.0,0.0,6.0
2018-04-01,Agency_41,SKU_01,5081.0,4911.0,5215.0
2018-04-01,Agency_49,SKU_23,0.0,0.0,0.0
2018-04-01,Agency_28,SKU_03,117.0,78.0,153.0
2018-04-01,Agency_29,SKU_05,22.0,18.0,25.0
2018-04-01,Agency_04,SKU_05,2.0,0.0,5.0
2018-04-01,Agency_29,SKU_02,3.0,3.0,4.0
2018-04-01,Agency_03,SKU_04,1287.0,1127.0,1374.0
2018-04-01,Agency_16,SKU_04,937.0,746.0,1026.0
2018-04-01,Agency_18,SKU_04,206.0,170.0,244.0
2018-04-01,Agency_04,SKU_02,2.0,0.0,6.0
2018-04-01,Agency_04,SKU_01,23.0,19.0,27.0
2018-04-01,Agency_29,SKU_01,8.0,6.0,10.0
2018-04-01,Agency_17,SKU_03,29.0,25.0,34.0
2018-04-01,Agency_30,SKU_02,205.0,179.0,227.0
2018-04-01,Agency_49,SKU_01,2184.0,2092.0,2251.0
2018-04-01,Agency_23,SKU_03,20.0,13.0,25.0
2018-04-01,Agency_58,SKU_02,5096.0,4676.0,5520.0
2018-04-01,Agency_20,SKU_23,0.0,0.0,0.0
2018-04-01,Agency_19,SKU_02,87.0,78.0,96.0
2018-04-01,Agency_01,SKU_11,16.0,12.0,20.0
2018-04-01,Agency_57,SKU_05,2574.0,2352.0,2771.0
2018-04-01,Agency_19,SKU_01,28.0,16.0,36.0
2018-04-01,Agency_57,SKU_17,22.0,11.0,31.0
2018-04-01,Agency_34,SKU_04,13.0,2.0,26.0
2018-04-01,Agency_24,SKU_03,10.0,5.0,15.0
2018-04-01,Agency_57,SKU_02,7808.0,7178.0,8470.0
2018-04-01,Agency_07,SKU_04,1871.0,1569.0,1999.0
2018-04-01,Agency_57,SKU_07,125.0,113.0,132.0
2018-04-01,Agency_24,SKU_04,68.0,52.0,85.0
2018-04-01,Agency_34,SKU_22,0.0,0.0,1.0
2018-04-01,Agency_57,SKU_01,9655.0,8948.0,10181.0
2018-04-01,Agency_22,SKU_03,91.0,83.0,99.0
2018-04-01,Agency_60,SKU_04,1586.0,1426.0,1737.0
2018-04-01,Agency_01,SKU_05,23.0,20.0,25.0
2018-04-01,Agency_60,SKU_23,0.0,0.0,0.0
2018-04-01,Agency_19,SKU_03,52.0,46.0,58.0
2018-04-01,Agency_58,SKU_05,1667.0,1500.0,1800.0
2018-04-01,Agency_01,SKU_04,93.0,66.0,125.0
2018-04-01,Agency_35,SKU_04,4.0,0.0,16.0
2018-04-01,Agency_58,SKU_03,324.0,274.0,372.0
2018-04-01,Agency_34,SKU_03,4.0,3.0,5.0
2018-04-01,Agency_27,SKU_05,92.0,84.0,99.0
2018-04-01,Agency_09,SKU_05,1227.0,1169.0,1324.0
2018-04-01,Agency_44,SKU_05,6.0,0.0,17.0
2018-04-01,Agency_30,SKU_01,1067.0,978.0,1147.0
2018-04-01,Agency_30,SKU_03,14231.0,13661.0,14920.0
2018-04-01,Agency_53,SKU_04,2293.0,1961.0,2437.0
2018-04-01,Agency_27,SKU_02,772.0,715.0,821.0
2018-04-01,Agency_09,SKU_02,1481.0,1405.0,1529.0
2018-04-01,Agency_44,SKU_02,7.0,0.0,25.0
2018-04-01,Agency_33,SKU_04,23.0,14.0,33.0
2018-04-01,Agency_57,SKU_03,1563.0,1409.0,1713.0
2018-04-01,Agency_30,SKU_08,106.0,94.0,115.0
2018-04-01,Agency_44,SKU_01,41.0,18.0,64.0
2018-04-01,Agency_27,SKU_01,2103.0,1957.0,2222.0
2018-04-01,Agency_09,SKU_01,4113.0,3894.0,4199.0
2018-04-01,Agency_07,SKU_03,624.0,528.0,712.0
2018-04-01,Agency_05,SKU_03,800.0,709.0,893.0
2018-04-01,Agency_01,SKU_02,40.0,31.0,49.0
2018-04-01,Agency_19,SKU_08,2.0,2.0,2.0
2018-04-01,Agency_60,SKU_07,89.0,77.0,100.0
2018-04-01,Agency_22,SKU_01,90.0,77.0,101.0
2018-04-01,Agency_60,SKU_01,11055.0,10711.0,11330.0
2018-04-01,Agency_23,SKU_21,0.0,0.0,0.0
2018-04-01,Agency_05,SKU_14,1.0,0.0,10.0
2018-04-01,Agency_42,SKU_04,139.0,116.0,157.0
2018-04-01,Agency_31,SKU_03,659.0,605.0,703.0
2018-04-01,Agency_15,SKU_01,1553.0,1358.0,1715.0
2018-04-01,Agency_22,SKU_02,162.0,148.0,176.0
2018-04-01,Agency_21,SKU_04,46.0,37.0,55.0
2018-04-01,Agency_49,SKU_03,11247.0,10805.0,11749.0
2018-04-01,Agency_15,SKU_03,127.0,104.0,147.0
2018-04-01,Agency_42,SKU_05,575.0,512.0,621.0
2018-04-01,Agency_49,SKU_05,2743.0,2550.0,2963.0
2018-04-01,Agency_42,SKU_02,193.0,176.0,209.0
2018-04-01,Agency_49,SKU_02,3000.0,2884.0,3086.0
2018-04-01,Agency_42,SKU_01,323.0,299.0,345.0
2018-04-01,Agency_49,SKU_07,0.0,0.0,3.0
2018-04-01,Agency_31,SKU_08,1.0,0.0,4.0
2018-04-01,Agency_57,SKU_04,1821.0,1614.0,2069.0
2018-04-01,Agency_05,SKU_04,5172.0,4422.0,5549.0
2018-04-01,Agency_60,SKU_02,5909.0,5639.0,6256.0
2018-04-01,Agency_20,SKU_03,268.0,216.0,319.0
2018-04-01,Agency_01,SKU_01,55.0,46.0,64.0
2018-04-01,Agency_26,SKU_18,0.0,0.0,3.0
2018-04-01,Agency_07,SKU_05,264.0,204.0,305.0
2018-04-01,Agency_24,SKU_05,514.0,461.0,557.0
2018-04-01,Agency_26,SKU_03,0.0,0.0,0.0
2018-04-01,Agency_07,SKU_02,1214.0,1043.0,1333.0
2018-04-01,Agency_24,SKU_02,123.0,112.0,133.0
2018-04-01,Agency_22,SKU_05,294.0,267.0,315.0
2018-04-01,Agency_22,SKU_04,51.0,43.0,60.0
2018-04-01,Agency_24,SKU_01,2.0,2.0,3.0
2018-04-01,Agency_20,SKU_21,0.0,0.0,0.0
2018-04-01,Agency_19,SKU_04,141.0,115.0,165.0
2018-04-01,Agency_07,SKU_01,8765.0,8254.0,9262.0
2018-04-01,Agency_20,SKU_04,1884.0,1555.0,2158.0
2018-04-01,Agency_08,SKU_03,15.0,12.0,18.0
2018-04-01,Agency_60,SKU_05,1888.0,1761.0,1978.0
2018-04-01,Agency_19,SKU_05,94.0,85.0,102.0
2018-04-01,Agency_60,SKU_03,428.0,349.0,515.0
2018-04-01,Agency_56,SKU_01,4613.0,4190.0,4917.0
2018-05-01,Agency_52,SKU_02,1381.0,1250.0,1525.0
2018-05-01,Agency_32,SKU_05,4231.0,3967.0,4546.0
2018-05-01,Agency_09,SKU_21,0.0,0.0,0.0
2018-05-01,Agency_08,SKU_04,183.0,156.0,201.0
2018-05-01,Agency_52,SKU_05,776.0,698.0,859.0
2018-05-01,Agency_32,SKU_03,1368.0,1271.0,1490.0
2018-05-01,Agency_02,SKU_12,3.0,0.0,21.0
2018-05-01,Agency_25,SKU_21,0.0,0.0,0.0
2018-05-01,Agency_52,SKU_01,163.0,140.0,186.0
2018-05-01,Agency_32,SKU_02,3234.0,2944.0,3523.0
2018-05-01,Agency_36,SKU_22,9.0,2.0,17.0
2018-05-01,Agency_02,SKU_11,0.0,0.0,19.0
2018-05-01,Agency_08,SKU_05,18.0,9.0,27.0
2018-05-01,Agency_40,SKU_18,0.0,0.0,0.0
2018-05-01,Agency_32,SKU_01,1822.0,1759.0,1873.0
2018-05-01,Agency_08,SKU_02,25.0,14.0,35.0
2018-05-01,Agency_26,SKU_04,1.0,0.0,2.0
2018-05-01,Agency_26,SKU_11,5.0,3.0,6.0
2018-05-01,Agency_32,SKU_14,0.0,0.0,0.0
2018-05-01,Agency_02,SKU_04,2827.0,2383.0,3245.0
2018-05-01,Agency_36,SKU_04,0.0,0.0,3.0
2018-05-01,Agency_40,SKU_03,30.0,22.0,38.0
2018-05-01,Agency_38,SKU_01,11022.0,10520.0,11646.0
2018-05-01,Agency_13,SKU_07,15.0,7.0,25.0
2018-05-01,Agency_37,SKU_04,15.0,0.0,41.0
2018-05-01,Agency_36,SKU_03,14.0,11.0,17.0
2018-05-01,Agency_13,SKU_01,6812.0,6202.0,7236.0
2018-05-01,Agency_46,SKU_05,5072.0,4550.0,5714.0
2018-05-01,Agency_46,SKU_02,5196.0,4885.0,5463.0
2018-05-01,Agency_02,SKU_31,10.0,0.0,32.0
2018-05-01,Agency_52,SKU_04,262.0,206.0,324.0
2018-05-01,Agency_48,SKU_05,1628.0,1515.0,1767.0
2018-05-01,Agency_59,SKU_05,1866.0,1630.0,2103.0
2018-05-01,Agency_46,SKU_01,4463.0,4059.0,4804.0
2018-05-01,Agency_48,SKU_02,884.0,752.0,1009.0
2018-05-01,Agency_38,SKU_04,2112.0,1743.0,2565.0
2018-05-01,Agency_23,SKU_02,59.0,50.0,69.0
2018-05-01,Agency_02,SKU_34,16.0,0.0,57.0
2018-05-01,Agency_23,SKU_01,39.0,34.0,43.0
2018-05-01,Agency_47,SKU_04,44.0,33.0,56.0
2018-05-01,Agency_08,SKU_01,210.0,184.0,234.0
2018-05-01,Agency_24,SKU_21,0.0,0.0,0.0
2018-05-01,Agency_26,SKU_05,0.0,0.0,0.0
2018-05-01,Agency_44,SKU_03,199.0,167.0,241.0
2018-05-01,Agency_58,SKU_01,6464.0,5807.0,6955.0
2018-05-01,Agency_57,SKU_23,0.0,0.0,0.0
2018-05-01,Agency_30,SKU_04,4408.0,3977.0,4889.0
2018-05-01,Agency_33,SKU_18,9.0,8.0,10.0
2018-05-01,Agency_33,SKU_03,3.0,1.0,5.0
2018-05-01,Agency_53,SKU_24,0.0,0.0,0.0
2018-05-01,Agency_58,SKU_04,1728.0,1403.0,2010.0
2018-05-01,Agency_35,SKU_03,3.0,1.0,7.0
2018-05-01,Agency_20,SKU_05,3323.0,2957.0,3648.0
2018-05-01,Agency_30,SKU_06,10.0,7.0,13.0
2018-05-01,Agency_53,SKU_03,460.0,354.0,560.0
2018-05-01,Agency_20,SKU_02,13998.0,13131.0,15044.0
2018-05-01,Agency_27,SKU_04,3071.0,2925.0,3220.0
2018-05-01,Agency_35,SKU_32,0.0,0.0,0.0
2018-05-01,Agency_44,SKU_04,64.0,36.0,94.0
2018-05-01,Agency_01,SKU_03,30.0,22.0,38.0
2018-05-01,Agency_30,SKU_05,276.0,251.0,301.0
2018-05-01,Agency_09,SKU_04,1424.0,1101.0,1676.0
2018-05-01,Agency_25,SKU_03,12.0,4.0,20.0
2018-05-01,Agency_09,SKU_27,0.0,0.0,0.0
2018-05-01,Agency_25,SKU_01,9.0,6.0,11.0
2018-05-01,Agency_26,SKU_02,0.0,0.0,0.0
2018-05-01,Agency_02,SKU_05,2186.0,1727.0,2535.0
2018-05-01,Agency_26,SKU_01,0.0,0.0,0.0
2018-05-01,Agency_02,SKU_02,5948.0,5630.0,6236.0
2018-05-01,Agency_32,SKU_04,2237.0,1889.0,2495.0
2018-05-01,Agency_02,SKU_01,5770.0,5499.0,6002.0
2018-05-01,Agency_09,SKU_03,7324.0,6738.0,7964.0
2018-05-01,Agency_25,SKU_04,17.0,11.0,23.0
2018-05-01,Agency_58,SKU_23,2.0,0.0,15.0
2018-05-01,Agency_40,SKU_04,373.0,242.0,509.0
2018-05-01,Agency_11,SKU_03,229.0,198.0,263.0
2018-05-01,Agency_58,SKU_17,0.0,0.0,13.0
2018-05-01,Agency_53,SKU_15,0.0,0.0,0.0
2018-05-01,Agency_27,SKU_03,6404.0,6039.0,6906.0
2018-05-01,Agency_07,SKU_21,0.0,0.0,0.0
2018-05-01,Agency_25,SKU_02,79.0,55.0,100.0
2018-05-01,Agency_27,SKU_08,406.0,342.0,467.0
2018-05-01,Agency_58,SKU_07,51.0,42.0,63.0
2018-05-01,Agency_25,SKU_05,845.0,721.0,987.0
2018-05-01,Agency_53,SKU_01,3987.0,3678.0,4293.0
2018-05-01,Agency_56,SKU_02,1277.0,914.0,1651.0
2018-05-01,Agency_13,SKU_03,246.0,197.0,298.0
2018-05-01,Agency_11,SKU_05,13.0,4.0,22.0
2018-05-01,Agency_12,SKU_01,15939.0,14305.0,17303.0
2018-05-01,Agency_54,SKU_03,218.0,193.0,241.0
2018-05-01,Agency_10,SKU_04,977.0,810.0,1142.0
2018-05-01,Agency_11,SKU_02,7.0,4.0,10.0
2018-05-01,Agency_39,SKU_02,5938.0,5280.0,6452.0
2018-05-01,Agency_59,SKU_17,0.0,0.0,0.0
2018-05-01,Agency_12,SKU_03,604.0,528.0,694.0
2018-05-01,Agency_12,SKU_07,23.0,16.0,32.0
2018-05-01,Agency_45,SKU_04,288.0,240.0,338.0
2018-05-01,Agency_39,SKU_07,11.0,7.0,14.0
2018-05-01,Agency_10,SKU_05,197.0,164.0,234.0
2018-05-01,Agency_39,SKU_01,4699.0,4005.0,5195.0
2018-05-01,Agency_45,SKU_05,649.0,571.0,728.0
2018-05-01,Agency_48,SKU_07,5.0,0.0,13.0
2018-05-01,Agency_10,SKU_02,230.0,200.0,256.0
2018-05-01,Agency_39,SKU_04,1747.0,1323.0,2138.0
2018-05-01,Agency_50,SKU_04,1746.0,1562.0,1904.0
2018-05-01,Agency_46,SKU_17,0.0,0.0,0.0
2018-05-01,Agency_45,SKU_02,78.0,62.0,93.0
2018-05-01,Agency_39,SKU_03,304.0,237.0,383.0
2018-05-01,Agency_54,SKU_14,0.0,0.0,0.0
2018-05-01,Agency_20,SKU_07,5.0,3.0,7.0
2018-05-01,Agency_55,SKU_04,2798.0,2239.0,3185.0
2018-05-01,Agency_10,SKU_03,3920.0,3628.0,4282.0
2018-05-01,Agency_11,SKU_01,304.0,284.0,323.0
2018-05-01,Agency_50,SKU_05,3313.0,2915.0,3688.0
2018-05-01,Agency_55,SKU_05,1675.0,1272.0,2019.0
2018-05-01,Agency_12,SKU_05,3125.0,2647.0,3645.0
2018-05-01,Agency_50,SKU_02,9106.0,8706.0,9688.0
2018-05-01,Agency_55,SKU_01,4718.0,4193.0,5124.0
2018-05-01,Agency_55,SKU_02,1419.0,1111.0,1717.0
2018-05-01,Agency_50,SKU_03,327.0,274.0,387.0
2018-05-01,Agency_12,SKU_02,8701.0,7968.0,9527.0
2018-05-01,Agency_10,SKU_23,0.0,0.0,0.0
2018-05-01,Agency_54,SKU_15,0.0,0.0,0.0
2018-05-01,Agency_10,SKU_32,61.0,38.0,86.0
2018-05-01,Agency_55,SKU_03,7465.0,6800.0,8093.0
2018-05-01,Agency_10,SKU_21,0.0,0.0,0.0
2018-05-01,Agency_50,SKU_01,1425.0,1363.0,1479.0
2018-05-01,Agency_11,SKU_04,88.0,65.0,115.0
2018-05-01,Agency_45,SKU_01,95.0,80.0,107.0
2018-05-01,Agency_54,SKU_04,195.0,151.0,240.0
2018-05-01,Agency_48,SKU_01,3284.0,3084.0,3438.0
2018-05-01,Agency_37,SKU_18,2.0,2.0,3.0
2018-05-01,Agency_48,SKU_23,0.0,0.0,0.0
2018-05-01,Agency_59,SKU_04,1234.0,1047.0,1451.0
2018-05-01,Agency_46,SKU_04,3039.0,2611.0,3522.0
2018-05-01,Agency_53,SKU_05,7096.0,6199.0,7661.0
2018-05-01,Agency_47,SKU_17,0.0,0.0,0.0
2018-05-01,Agency_38,SKU_05,2782.0,2569.0,3070.0
2018-05-01,Agency_48,SKU_04,2062.0,1831.0,2280.0
2018-05-01,Agency_48,SKU_17,0.0,0.0,0.0
2018-05-01,Agency_53,SKU_02,6560.0,6141.0,6982.0
2018-05-01,Agency_38,SKU_02,5382.0,5000.0,5752.0
2018-05-01,Agency_47,SKU_03,245.0,228.0,260.0
2018-05-01,Agency_13,SKU_05,1568.0,1423.0,1725.0
2018-05-01,Agency_50,SKU_17,0.0,0.0,0.0
2018-05-01,Agency_38,SKU_03,2744.0,2357.0,3227.0
2018-05-01,Agency_52,SKU_03,39.0,32.0,47.0
2018-05-01,Agency_13,SKU_02,6565.0,6181.0,7114.0
2018-05-01,Agency_53,SKU_07,14.0,3.0,24.0
2018-05-01,Agency_02,SKU_03,19671.0,18889.0,20844.0
2018-05-01,Agency_38,SKU_14,1.0,0.0,18.0
2018-05-01,Agency_47,SKU_01,6.0,5.0,8.0
2018-05-01,Agency_59,SKU_01,7648.0,7147.0,8044.0
2018-05-01,Agency_10,SKU_01,2098.0,1863.0,2285.0
2018-05-01,Agency_45,SKU_03,32.0,27.0,36.0
2018-05-01,Agency_59,SKU_03,699.0,630.0,777.0
2018-05-01,Agency_45,SKU_08,8.0,7.0,10.0
2018-05-01,Agency_38,SKU_21,0.0,0.0,0.0
2018-05-01,Agency_54,SKU_05,130.0,114.0,147.0
2018-05-01,Agency_54,SKU_02,49.0,44.0,55.0
2018-05-01,Agency_12,SKU_04,2101.0,1737.0,2534.0
2018-05-01,Agency_54,SKU_01,68.0,61.0,74.0
2018-05-01,Agency_46,SKU_03,3355.0,3197.0,3578.0
2018-05-01,Agency_39,SKU_05,6643.0,5900.0,7234.0
2018-05-01,Agency_48,SKU_03,11668.0,11198.0,12304.0
2018-05-01,Agency_59,SKU_02,5599.0,5262.0,6038.0
2018-05-01,Agency_47,SKU_05,8.0,0.0,23.0
2018-05-01,Agency_13,SKU_04,1299.0,944.0,1528.0
2018-05-01,Agency_47,SKU_02,17.0,6.0,28.0
2018-05-01,Agency_59,SKU_07,16.0,13.0,20.0
2018-05-01,Agency_13,SKU_20,0.0,0.0,6.0
2018-05-01,Agency_48,SKU_28,0.0,0.0,0.0
2018-05-01,Agency_38,SKU_07,89.0,69.0,112.0
2018-05-01,Agency_27,SKU_06,87.0,63.0,114.0
2018-05-01,Agency_05,SKU_21,0.0,0.0,0.0
2018-05-01,Agency_20,SKU_01,3169.0,2975.0,3356.0
2018-05-01,Agency_15,SKU_05,238.0,208.0,270.0
2018-05-01,Agency_18,SKU_05,525.0,455.0,592.0
2018-05-01,Agency_16,SKU_07,32.0,22.0,45.0
2018-05-01,Agency_29,SKU_04,30.0,26.0,34.0
2018-05-01,Agency_15,SKU_02,765.0,693.0,858.0
2018-05-01,Agency_43,SKU_04,312.0,224.0,399.0
2018-05-01,Agency_18,SKU_02,112.0,74.0,148.0
2018-05-01,Agency_16,SKU_01,8456.0,7931.0,8867.0
2018-05-01,Agency_51,SKU_02,5781.0,5387.0,6190.0
2018-05-01,Agency_41,SKU_04,789.0,701.0,894.0
2018-05-01,Agency_04,SKU_03,575.0,503.0,646.0
2018-05-01,Agency_29,SKU_06,16.0,12.0,21.0
2018-05-01,Agency_51,SKU_01,5016.0,4555.0,5408.0
2018-05-01,Agency_43,SKU_05,711.0,586.0,842.0
2018-05-01,Agency_18,SKU_01,1.0,0.0,7.0
2018-05-01,Agency_03,SKU_05,767.0,694.0,832.0
2018-05-01,Agency_43,SKU_02,436.0,346.0,529.0
2018-05-01,Agency_03,SKU_03,10567.0,9592.0,11241.0
2018-05-01,Agency_51,SKU_07,21.0,11.0,32.0
2018-05-01,Agency_03,SKU_02,507.0,443.0,570.0
2018-05-01,Agency_51,SKU_05,1799.0,1550.0,2079.0
2018-05-01,Agency_31,SKU_01,253.0,219.0,283.0
2018-05-01,Agency_05,SKU_26,0.0,0.0,0.0
2018-05-01,Agency_21,SKU_05,407.0,335.0,481.0
2018-05-01,Agency_31,SKU_04,839.0,680.0,1035.0
2018-05-01,Agency_21,SKU_02,140.0,118.0,163.0
2018-05-01,Agency_15,SKU_04,183.0,143.0,215.0
2018-05-01,Agency_05,SKU_05,481.0,433.0,522.0
2018-05-01,Agency_49,SKU_04,1718.0,1562.0,1915.0
2018-05-01,Agency_43,SKU_03,82.0,38.0,126.0
2018-05-01,Agency_23,SKU_05,650.0,548.0,744.0
2018-05-01,Agency_05,SKU_02,1436.0,1270.0,1571.0
2018-05-01,Agency_21,SKU_01,52.0,43.0,59.0
2018-05-01,Agency_31,SKU_05,29.0,25.0,34.0
2018-05-01,Agency_31,SKU_02,39.0,32.0,46.0
2018-05-01,Agency_23,SKU_04,63.0,48.0,78.0
2018-05-01,Agency_49,SKU_34,0.0,0.0,0.0
2018-05-01,Agency_05,SKU_23,0.0,0.0,0.0
2018-05-01,Agency_05,SKU_01,10793.0,10225.0,11246.0
2018-05-01,Agency_21,SKU_03,39.0,33.0,45.0
2018-05-01,Agency_41,SKU_03,1639.0,1499.0,1778.0
2018-05-01,Agency_21,SKU_21,0.0,0.0,0.0
2018-05-01,Agency_43,SKU_01,398.0,312.0,487.0
2018-05-01,Agency_04,SKU_04,60.0,45.0,78.0
2018-05-01,Agency_28,SKU_08,11.0,9.0,12.0
2018-05-01,Agency_51,SKU_17,0.0,0.0,7.0
2018-05-01,Agency_16,SKU_05,1394.0,1268.0,1505.0
2018-05-01,Agency_17,SKU_05,798.0,725.0,877.0
2018-05-01,Agency_16,SKU_02,5991.0,5543.0,6531.0
2018-05-01,Agency_17,SKU_02,1150.0,1069.0,1238.0
2018-05-01,Agency_28,SKU_04,76.0,51.0,105.0
2018-05-01,Agency_56,SKU_04,3634.0,3123.0,4198.0
2018-05-01,Agency_51,SKU_03,5671.0,5387.0,5989.0
2018-05-01,Agency_16,SKU_20,0.0,0.0,0.0
2018-05-01,Agency_28,SKU_06,936.0,741.0,1116.0
2018-05-01,Agency_51,SKU_04,3429.0,3172.0,3740.0
2018-05-01,Agency_17,SKU_01,139.0,125.0,154.0
2018-05-01,Agency_28,SKU_05,2.0,1.0,2.0
2018-05-01,Agency_28,SKU_02,28.0,20.0,38.0
2018-05-01,Agency_56,SKU_05,563.0,406.0,721.0
2018-05-01,Agency_28,SKU_01,39.0,27.0,49.0
2018-05-01,Agency_42,SKU_03,1489.0,1398.0,1611.0
2018-05-01,Agency_56,SKU_03,9147.0,8535.0,9742.0
2018-05-01,Agency_18,SKU_03,2.0,0.0,18.0
2018-05-01,Agency_17,SKU_04,333.0,282.0,392.0
2018-05-01,Agency_16,SKU_03,159.0,132.0,187.0
2018-05-01,Agency_41,SKU_05,3013.0,2728.0,3224.0
2018-05-01,Agency_03,SKU_01,905.0,738.0,1095.0
2018-05-01,Agency_29,SKU_03,12.0,4.0,19.0
2018-05-01,Agency_41,SKU_02,4164.0,3958.0,4357.0
2018-05-01,Agency_29,SKU_08,3.0,2.0,3.0
2018-05-01,Agency_03,SKU_32,7.0,0.0,19.0
2018-05-01,Agency_41,SKU_01,5127.0,4930.0,5300.0
2018-05-01,Agency_49,SKU_23,0.0,0.0,0.0
2018-05-01,Agency_28,SKU_03,121.0,79.0,165.0
2018-05-01,Agency_29,SKU_05,24.0,18.0,29.0
2018-05-01,Agency_04,SKU_05,3.0,0.0,8.0
2018-05-01,Agency_29,SKU_02,3.0,3.0,4.0
2018-05-01,Agency_03,SKU_04,1242.0,1031.0,1405.0
2018-05-01,Agency_16,SKU_04,962.0,704.0,1124.0
2018-05-01,Agency_18,SKU_04,232.0,182.0,278.0
2018-05-01,Agency_04,SKU_02,3.0,0.0,8.0
2018-05-01,Agency_04,SKU_01,24.0,19.0,30.0
2018-05-01,Agency_29,SKU_01,9.0,7.0,11.0
2018-05-01,Agency_17,SKU_03,30.0,25.0,34.0
2018-05-01,Agency_30,SKU_02,228.0,194.0,263.0
2018-05-01,Agency_49,SKU_01,2205.0,2098.0,2298.0
2018-05-01,Agency_23,SKU_03,24.0,16.0,32.0
2018-05-01,Agency_58,SKU_02,5892.0,5350.0,6532.0
2018-05-01,Agency_20,SKU_23,0.0,0.0,0.0
2018-05-01,Agency_19,SKU_02,88.0,78.0,99.0
2018-05-01,Agency_01,SKU_11,17.0,13.0,22.0
2018-05-01,Agency_57,SKU_05,2644.0,2384.0,2913.0
2018-05-01,Agency_19,SKU_01,35.0,21.0,47.0
2018-05-01,Agency_57,SKU_17,20.0,9.0,31.0
2018-05-01,Agency_34,SKU_04,16.0,5.0,29.0
2018-05-01,Agency_24,SKU_03,16.0,8.0,23.0
2018-05-01,Agency_57,SKU_02,7861.0,7219.0,8591.0
2018-05-01,Agency_07,SKU_04,2116.0,1683.0,2385.0
2018-05-01,Agency_57,SKU_07,139.0,123.0,153.0
2018-05-01,Agency_24,SKU_04,68.0,46.0,91.0
2018-05-01,Agency_34,SKU_22,0.0,0.0,1.0
2018-05-01,Agency_57,SKU_01,10205.0,9125.0,11156.0
2018-05-01,Agency_22,SKU_03,97.0,86.0,109.0
2018-05-01,Agency_60,SKU_04,1593.0,1404.0,1800.0
2018-05-01,Agency_01,SKU_05,25.0,21.0,29.0
2018-05-01,Agency_60,SKU_23,0.0,0.0,1.0
2018-05-01,Agency_19,SKU_03,54.0,46.0,61.0
2018-05-01,Agency_58,SKU_05,1939.0,1652.0,2183.0
2018-05-01,Agency_01,SKU_04,78.0,48.0,116.0
2018-05-01,Agency_35,SKU_04,6.0,0.0,18.0
2018-05-01,Agency_58,SKU_03,328.0,271.0,390.0
2018-05-01,Agency_34,SKU_03,5.0,4.0,6.0
2018-05-01,Agency_27,SKU_05,95.0,84.0,106.0
2018-05-01,Agency_09,SKU_05,1123.0,1045.0,1215.0
2018-05-01,Agency_44,SKU_05,7.0,0.0,20.0
2018-05-01,Agency_30,SKU_01,1065.0,950.0,1169.0
2018-05-01,Agency_30,SKU_03,14646.0,14076.0,15450.0
2018-05-01,Agency_53,SKU_04,2596.0,2146.0,2868.0
2018-05-01,Agency_27,SKU_02,788.0,724.0,844.0
2018-05-01,Agency_09,SKU_02,1461.0,1313.0,1555.0
2018-05-01,Agency_44,SKU_02,8.0,0.0,27.0
2018-05-01,Agency_33,SKU_04,26.0,16.0,36.0
2018-05-01,Agency_57,SKU_03,1556.0,1388.0,1735.0
2018-05-01,Agency_30,SKU_08,130.0,110.0,148.0
2018-05-01,Agency_44,SKU_01,48.0,23.0,74.0
2018-05-01,Agency_27,SKU_01,2216.0,2042.0,2370.0
2018-05-01,Agency_09,SKU_01,4067.0,3650.0,4316.0
2018-05-01,Agency_07,SKU_03,670.0,555.0,787.0
2018-05-01,Agency_05,SKU_03,778.0,670.0,887.0
2018-05-01,Agency_01,SKU_02,41.0,30.0,51.0
2018-05-01,Agency_19,SKU_08,2.0,2.0,2.0
2018-05-01,Agency_60,SKU_07,91.0,77.0,106.0
2018-05-01,Agency_22,SKU_01,99.0,82.0,114.0
2018-05-01,Agency_60,SKU_01,11449.0,10942.0,11897.0
2018-05-01,Agency_23,SKU_21,0.0,0.0,0.0
2018-05-01,Agency_05,SKU_14,12.0,0.0,30.0
2018-05-01,Agency_42,SKU_04,179.0,143.0,212.0
2018-05-01,Agency_31,SKU_03,675.0,612.0,736.0
2018-05-01,Agency_15,SKU_01,1627.0,1386.0,1886.0
2018-05-01,Agency_22,SKU_02,165.0,148.0,182.0
2018-05-01,Agency_21,SKU_04,55.0,44.0,68.0
2018-05-01,Agency_49,SKU_03,11918.0,11343.0,12564.0
2018-05-01,Agency_15,SKU_03,131.0,105.0,158.0
2018-05-01,Agency_42,SKU_05,577.0,500.0,655.0
2018-05-01,Agency_49,SKU_05,2551.0,2285.0,2803.0
2018-05-01,Agency_42,SKU_02,196.0,178.0,214.0
2018-05-01,Agency_49,SKU_02,3010.0,2872.0,3133.0
2018-05-01,Agency_42,SKU_01,334.0,305.0,361.0
2018-05-01,Agency_49,SKU_07,0.0,0.0,9.0
2018-05-01,Agency_31,SKU_08,3.0,0.0,7.0
2018-05-01,Agency_57,SKU_04,1771.0,1555.0,2044.0
2018-05-01,Agency_05,SKU_04,6735.0,5683.0,7574.0
2018-05-01,Agency_60,SKU_02,5912.0,5647.0,6290.0
2018-05-01,Agency_20,SKU_03,277.0,213.0,346.0
2018-05-01,Agency_01,SKU_01,56.0,46.0,67.0
2018-05-01,Agency_26,SKU_18,1.0,0.0,7.0
2018-05-01,Agency_07,SKU_05,269.0,195.0,341.0
2018-05-01,Agency_24,SKU_05,620.0,530.0,713.0
2018-05-01,Agency_26,SKU_03,0.0,0.0,0.0
2018-05-01,Agency_07,SKU_02,1407.0,1179.0,1608.0
2018-05-01,Agency_24,SKU_02,126.0,112.0,139.0
2018-05-01,Agency_22,SKU_05,333.0,292.0,372.0
2018-05-01,Agency_22,SKU_04,44.0,34.0,55.0
2018-05-01,Agency_24,SKU_01,3.0,2.0,3.0
2018-05-01,Agency_20,SKU_21,0.0,0.0,0.0
2018-05-01,Agency_19,SKU_04,179.0,143.0,218.0
2018-05-01,Agency_07,SKU_01,9352.0,8710.0,9913.0
2018-05-01,Agency_20,SKU_04,2236.0,1808.0,2643.0
2018-05-01,Agency_08,SKU_03,21.0,16.0,28.0
2018-05-01,Agency_60,SKU_05,1939.0,1749.0,2096.0
2018-05-01,Agency_19,SKU_05,100.0,88.0,110.0
2018-05-01,Agency_60,SKU_03,437.0,344.0,549.0
2018-05-01,Agency_56,SKU_01,4830.0,4337.0,5227.0
2018-06-01,Agency_52,SKU_02,1435.0,1304.0,1575.0
2018-06-01,Agency_32,SKU_05,4223.0,3962.0,4520.0
2018-06-01,Agency_09,SKU_21,0.0,0.0,0.0
2018-06-01,Agency_08,SKU_04,210.0,185.0,228.0
2018-06-01,Agency_52,SKU_05,846.0,767.0,922.0
2018-06-01,Agency_32,SKU_03,1376.0,1275.0,1491.0
2018-06-01,Agency_02,SKU_12,12.0,0.0,27.0
2018-06-01,Agency_25,SKU_21,0.0,0.0,0.0
2018-06-01,Agency_52,SKU_01,171.0,150.0,191.0
2018-06-01,Agency_32,SKU_02,3616.0,3368.0,3883.0
2018-06-01,Agency_36,SKU_22,10.0,3.0,17.0
2018-06-01,Agency_02,SKU_11,7.0,0.0,31.0
2018-06-01,Agency_08,SKU_05,21.0,13.0,31.0
2018-06-01,Agency_40,SKU_18,0.0,0.0,0.0
2018-06-01,Agency_32,SKU_01,1887.0,1824.0,1935.0
2018-06-01,Agency_08,SKU_02,25.0,15.0,35.0
2018-06-01,Agency_26,SKU_04,2.0,1.0,3.0
2018-06-01,Agency_26,SKU_11,6.0,4.0,7.0
2018-06-01,Agency_32,SKU_14,0.0,0.0,0.0
2018-06-01,Agency_02,SKU_04,2951.0,2582.0,3222.0
2018-06-01,Agency_36,SKU_04,0.0,0.0,6.0
2018-06-01,Agency_40,SKU_03,31.0,23.0,39.0
2018-06-01,Agency_38,SKU_01,11800.0,11271.0,12358.0
2018-06-01,Agency_13,SKU_07,20.0,12.0,29.0
2018-06-01,Agency_37,SKU_04,27.0,4.0,53.0
2018-06-01,Agency_36,SKU_03,15.0,12.0,17.0
2018-06-01,Agency_13,SKU_01,7046.0,6625.0,7322.0
2018-06-01,Agency_46,SKU_05,5231.0,4698.0,5842.0
2018-06-01,Agency_46,SKU_02,5230.0,4937.0,5477.0
2018-06-01,Agency_02,SKU_31,21.0,3.0,39.0
2018-06-01,Agency_52,SKU_04,287.0,235.0,341.0
2018-06-01,Agency_48,SKU_05,1633.0,1538.0,1722.0
2018-06-01,Agency_59,SKU_05,2107.0,1878.0,2333.0
2018-06-01,Agency_46,SKU_01,4626.0,4254.0,4934.0
2018-06-01,Agency_48,SKU_02,966.0,836.0,1094.0
2018-06-01,Agency_38,SKU_04,2221.0,1837.0,2664.0
2018-06-01,Agency_23,SKU_02,63.0,54.0,72.0
2018-06-01,Agency_02,SKU_34,35.0,2.0,70.0
2018-06-01,Agency_23,SKU_01,40.0,35.0,44.0
2018-06-01,Agency_47,SKU_04,53.0,42.0,64.0
2018-06-01,Agency_08,SKU_01,219.0,195.0,242.0
2018-06-01,Agency_24,SKU_21,0.0,0.0,0.0
2018-06-01,Agency_26,SKU_05,0.0,0.0,0.0
2018-06-01,Agency_44,SKU_03,214.0,179.0,255.0
2018-06-01,Agency_58,SKU_01,7048.0,6636.0,7351.0
2018-06-01,Agency_57,SKU_23,0.0,0.0,6.0
2018-06-01,Agency_30,SKU_04,4722.0,4277.0,5177.0
2018-06-01,Agency_33,SKU_18,10.0,9.0,11.0
2018-06-01,Agency_33,SKU_03,3.0,2.0,5.0
2018-06-01,Agency_53,SKU_24,0.0,0.0,0.0
2018-06-01,Agency_58,SKU_04,1858.0,1574.0,2104.0
2018-06-01,Agency_35,SKU_03,4.0,1.0,8.0
2018-06-01,Agency_20,SKU_05,3507.0,3208.0,3738.0
2018-06-01,Agency_30,SKU_06,11.0,8.0,14.0
2018-06-01,Agency_53,SKU_03,506.0,405.0,601.0
2018-06-01,Agency_20,SKU_02,14186.0,13258.0,15163.0
2018-06-01,Agency_27,SKU_04,3472.0,3311.0,3584.0
2018-06-01,Agency_35,SKU_32,0.0,0.0,0.0
2018-06-01,Agency_44,SKU_04,77.0,47.0,108.0
2018-06-01,Agency_01,SKU_03,34.0,26.0,42.0
2018-06-01,Agency_30,SKU_05,285.0,260.0,309.0
2018-06-01,Agency_09,SKU_04,1405.0,1165.0,1569.0
2018-06-01,Agency_25,SKU_03,15.0,7.0,22.0
2018-06-01,Agency_09,SKU_27,0.0,0.0,0.0
2018-06-01,Agency_25,SKU_01,9.0,7.0,11.0
2018-06-01,Agency_26,SKU_02,0.0,0.0,2.0
2018-06-01,Agency_02,SKU_05,2077.0,1745.0,2326.0
2018-06-01,Agency_26,SKU_01,0.0,0.0,0.0
2018-06-01,Agency_02,SKU_02,6497.0,6166.0,6749.0
2018-06-01,Agency_32,SKU_04,3001.0,2707.0,3209.0
2018-06-01,Agency_02,SKU_01,6215.0,5931.0,6421.0
2018-06-01,Agency_09,SKU_03,7304.0,6825.0,7702.0
2018-06-01,Agency_25,SKU_04,19.0,13.0,24.0
2018-06-01,Agency_58,SKU_23,3.0,0.0,16.0
2018-06-01,Agency_40,SKU_04,401.0,268.0,530.0
2018-06-01,Agency_11,SKU_03,235.0,204.0,268.0
2018-06-01,Agency_58,SKU_17,1.0,0.0,13.0
2018-06-01,Agency_53,SKU_15,0.0,0.0,0.0
2018-06-01,Agency_27,SKU_03,6519.0,6143.0,6995.0
2018-06-01,Agency_07,SKU_21,0.0,0.0,0.0
2018-06-01,Agency_25,SKU_02,87.0,65.0,108.0
2018-06-01,Agency_27,SKU_08,394.0,340.0,446.0
2018-06-01,Agency_58,SKU_07,55.0,46.0,65.0
2018-06-01,Agency_25,SKU_05,879.0,752.0,1016.0
2018-06-01,Agency_53,SKU_01,4455.0,4144.0,4696.0
2018-06-01,Agency_56,SKU_02,1250.0,923.0,1589.0
2018-06-01,Agency_13,SKU_03,254.0,208.0,302.0
2018-06-01,Agency_11,SKU_05,19.0,10.0,28.0
2018-06-01,Agency_12,SKU_01,16187.0,14847.0,17414.0
2018-06-01,Agency_54,SKU_03,228.0,205.0,250.0
2018-06-01,Agency_10,SKU_04,1000.0,864.0,1121.0
2018-06-01,Agency_11,SKU_02,7.0,5.0,10.0
2018-06-01,Agency_39,SKU_02,6218.0,5637.0,6712.0
2018-06-01,Agency_59,SKU_17,0.0,0.0,0.0
2018-06-01,Agency_12,SKU_03,617.0,549.0,695.0
2018-06-01,Agency_12,SKU_07,24.0,17.0,32.0
2018-06-01,Agency_45,SKU_04,308.0,258.0,358.0
2018-06-01,Agency_39,SKU_07,13.0,10.0,16.0
2018-06-01,Agency_10,SKU_05,221.0,185.0,258.0
2018-06-01,Agency_39,SKU_01,5066.0,4456.0,5558.0
2018-06-01,Agency_45,SKU_05,699.0,622.0,771.0
2018-06-01,Agency_48,SKU_07,9.0,2.0,16.0
2018-06-01,Agency_10,SKU_02,230.0,204.0,253.0
2018-06-01,Agency_39,SKU_04,1971.0,1572.0,2331.0
2018-06-01,Agency_50,SKU_04,1884.0,1720.0,1991.0
2018-06-01,Agency_46,SKU_17,0.0,0.0,0.0
2018-06-01,Agency_45,SKU_02,81.0,66.0,95.0
2018-06-01,Agency_39,SKU_03,310.0,251.0,377.0
2018-06-01,Agency_54,SKU_14,0.0,0.0,0.0
2018-06-01,Agency_20,SKU_07,7.0,5.0,9.0
2018-06-01,Agency_55,SKU_04,2982.0,2492.0,3345.0
2018-06-01,Agency_10,SKU_03,4133.0,3828.0,4469.0
2018-06-01,Agency_11,SKU_01,318.0,298.0,336.0
2018-06-01,Agency_50,SKU_05,3510.0,3240.0,3799.0
2018-06-01,Agency_55,SKU_05,1762.0,1366.0,2097.0
2018-06-01,Agency_12,SKU_05,3303.0,2798.0,3828.0
2018-06-01,Agency_50,SKU_02,9398.0,9083.0,9772.0
2018-06-01,Agency_55,SKU_01,4811.0,4355.0,5175.0
2018-06-01,Agency_55,SKU_02,1434.0,1160.0,1698.0
2018-06-01,Agency_50,SKU_03,376.0,324.0,422.0
2018-06-01,Agency_12,SKU_02,8889.0,8142.0,9687.0
2018-06-01,Agency_10,SKU_23,0.0,0.0,0.0
2018-06-01,Agency_54,SKU_15,0.0,0.0,0.0
2018-06-01,Agency_10,SKU_32,84.0,60.0,108.0
2018-06-01,Agency_55,SKU_03,7915.0,7257.0,8523.0
2018-06-01,Agency_10,SKU_21,0.0,0.0,0.0
2018-06-01,Agency_50,SKU_01,1508.0,1441.0,1561.0
2018-06-01,Agency_11,SKU_04,105.0,84.0,125.0
2018-06-01,Agency_45,SKU_01,101.0,88.0,113.0
2018-06-01,Agency_54,SKU_04,211.0,168.0,251.0
2018-06-01,Agency_48,SKU_01,3498.0,3314.0,3636.0
2018-06-01,Agency_37,SKU_18,2.0,2.0,3.0
2018-06-01,Agency_48,SKU_23,0.0,0.0,0.0
2018-06-01,Agency_59,SKU_04,1403.0,1234.0,1572.0
2018-06-01,Agency_46,SKU_04,3660.0,3204.0,4085.0
2018-06-01,Agency_53,SKU_05,7957.0,7280.0,8469.0
2018-06-01,Agency_47,SKU_17,0.0,0.0,0.0
2018-06-01,Agency_38,SKU_05,2850.0,2677.0,3026.0
2018-06-01,Agency_48,SKU_04,2074.0,1887.0,2208.0
2018-06-01,Agency_48,SKU_17,0.0,0.0,1.0
2018-06-01,Agency_53,SKU_02,7221.0,6801.0,7521.0
2018-06-01,Agency_38,SKU_02,5814.0,5480.0,6133.0
2018-06-01,Agency_47,SKU_03,247.0,231.0,262.0
2018-06-01,Agency_13,SKU_05,1651.0,1500.0,1799.0
2018-06-01,Agency_50,SKU_17,0.0,0.0,0.0
2018-06-01,Agency_38,SKU_03,2867.0,2471.0,3336.0
2018-06-01,Agency_52,SKU_03,41.0,34.0,48.0
2018-06-01,Agency_13,SKU_02,6655.0,6254.0,7179.0
2018-06-01,Agency_53,SKU_07,19.0,10.0,29.0
2018-06-01,Agency_02,SKU_03,20072.0,19242.0,21181.0
2018-06-01,Agency_38,SKU_14,6.0,0.0,22.0
2018-06-01,Agency_47,SKU_01,6.0,5.0,8.0
2018-06-01,Agency_59,SKU_01,8258.0,7841.0,8566.0
2018-06-01,Agency_10,SKU_01,2219.0,2042.0,2349.0
2018-06-01,Agency_45,SKU_03,33.0,28.0,37.0
2018-06-01,Agency_59,SKU_03,721.0,653.0,793.0
2018-06-01,Agency_45,SKU_08,9.0,8.0,10.0
2018-06-01,Agency_38,SKU_21,0.0,0.0,0.0
2018-06-01,Agency_54,SKU_05,132.0,117.0,148.0
2018-06-01,Agency_54,SKU_02,50.0,45.0,55.0
2018-06-01,Agency_12,SKU_04,2233.0,1876.0,2638.0
2018-06-01,Agency_54,SKU_01,69.0,62.0,74.0
2018-06-01,Agency_46,SKU_03,3397.0,3233.0,3607.0
2018-06-01,Agency_39,SKU_05,6521.0,5995.0,6879.0
2018-06-01,Agency_48,SKU_03,11871.0,11410.0,12452.0
2018-06-01,Agency_59,SKU_02,5675.0,5337.0,6083.0
2018-06-01,Agency_47,SKU_05,15.0,1.0,29.0
2018-06-01,Agency_13,SKU_04,1366.0,1056.0,1572.0
2018-06-01,Agency_47,SKU_02,19.0,8.0,30.0
2018-06-01,Agency_59,SKU_07,19.0,16.0,23.0
2018-06-01,Agency_13,SKU_20,3.0,0.0,15.0
2018-06-01,Agency_48,SKU_28,0.0,0.0,0.0
2018-06-01,Agency_38,SKU_07,105.0,85.0,127.0
2018-06-01,Agency_27,SKU_06,88.0,64.0,113.0
2018-06-01,Agency_05,SKU_21,0.0,0.0,0.0
2018-06-01,Agency_20,SKU_01,3362.0,3191.0,3504.0
2018-06-01,Agency_15,SKU_05,248.0,218.0,278.0
2018-06-01,Agency_18,SKU_05,569.0,503.0,631.0
2018-06-01,Agency_16,SKU_07,43.0,32.0,56.0
2018-06-01,Agency_29,SKU_04,33.0,29.0,37.0
2018-06-01,Agency_15,SKU_02,780.0,707.0,868.0
2018-06-01,Agency_43,SKU_04,337.0,262.0,414.0
2018-06-01,Agency_18,SKU_02,137.0,101.0,171.0
2018-06-01,Agency_16,SKU_01,9117.0,8641.0,9474.0
2018-06-01,Agency_51,SKU_02,6085.0,5686.0,6451.0
2018-06-01,Agency_41,SKU_04,864.0,782.0,946.0
2018-06-01,Agency_04,SKU_03,580.0,516.0,643.0
2018-06-01,Agency_29,SKU_06,15.0,12.0,19.0
2018-06-01,Agency_51,SKU_01,5836.0,5348.0,6238.0
2018-06-01,Agency_43,SKU_05,722.0,609.0,834.0
2018-06-01,Agency_18,SKU_01,8.0,1.0,15.0
2018-06-01,Agency_03,SKU_05,768.0,708.0,824.0
2018-06-01,Agency_43,SKU_02,439.0,354.0,522.0
2018-06-01,Agency_03,SKU_03,11150.0,10537.0,11679.0
2018-06-01,Agency_51,SKU_07,22.0,13.0,32.0
2018-06-01,Agency_03,SKU_02,583.0,517.0,639.0
2018-06-01,Agency_51,SKU_05,2027.0,1788.0,2240.0
2018-06-01,Agency_31,SKU_01,255.0,225.0,282.0
2018-06-01,Agency_05,SKU_26,0.0,0.0,0.0
2018-06-01,Agency_21,SKU_05,441.0,371.0,510.0
2018-06-01,Agency_31,SKU_04,951.0,799.0,1101.0
2018-06-01,Agency_21,SKU_02,146.0,125.0,167.0
2018-06-01,Agency_15,SKU_04,199.0,165.0,228.0
2018-06-01,Agency_05,SKU_05,481.0,440.0,518.0
2018-06-01,Agency_49,SKU_04,1891.0,1753.0,2017.0
2018-06-01,Agency_43,SKU_03,89.0,46.0,131.0
2018-06-01,Agency_23,SKU_05,834.0,724.0,934.0
2018-06-01,Agency_05,SKU_02,1646.0,1480.0,1783.0
2018-06-01,Agency_21,SKU_01,57.0,50.0,65.0
2018-06-01,Agency_31,SKU_05,30.0,25.0,34.0
2018-06-01,Agency_31,SKU_02,40.0,34.0,47.0
2018-06-01,Agency_23,SKU_04,70.0,55.0,85.0
2018-06-01,Agency_49,SKU_34,0.0,0.0,2.0
2018-06-01,Agency_05,SKU_23,0.0,0.0,0.0
2018-06-01,Agency_05,SKU_01,11512.0,11002.0,11855.0
2018-06-01,Agency_21,SKU_03,41.0,35.0,46.0
2018-06-01,Agency_41,SKU_03,1700.0,1569.0,1830.0
2018-06-01,Agency_21,SKU_21,0.0,0.0,0.0
2018-06-01,Agency_43,SKU_01,427.0,344.0,509.0
2018-06-01,Agency_04,SKU_04,77.0,62.0,93.0
2018-06-01,Agency_28,SKU_08,11.0,9.0,13.0
2018-06-01,Agency_51,SKU_17,0.0,0.0,11.0
2018-06-01,Agency_16,SKU_05,1544.0,1426.0,1641.0
2018-06-01,Agency_17,SKU_05,815.0,741.0,891.0
2018-06-01,Agency_16,SKU_02,6160.0,5722.0,6668.0
2018-06-01,Agency_17,SKU_02,1167.0,1084.0,1253.0
2018-06-01,Agency_28,SKU_04,81.0,57.0,108.0
2018-06-01,Agency_56,SKU_04,3763.0,3225.0,4334.0
2018-06-01,Agency_51,SKU_03,5862.0,5576.0,6158.0
2018-06-01,Agency_16,SKU_20,0.0,0.0,0.0
2018-06-01,Agency_28,SKU_06,975.0,775.0,1160.0
2018-06-01,Agency_51,SKU_04,3679.0,3430.0,3933.0
2018-06-01,Agency_17,SKU_01,141.0,127.0,156.0
2018-06-01,Agency_28,SKU_05,2.0,1.0,2.0
2018-06-01,Agency_28,SKU_02,30.0,21.0,38.0
2018-06-01,Agency_56,SKU_05,577.0,416.0,740.0
2018-06-01,Agency_28,SKU_01,34.0,24.0,42.0
2018-06-01,Agency_42,SKU_03,1533.0,1435.0,1653.0
2018-06-01,Agency_56,SKU_03,9196.0,8602.0,9761.0
2018-06-01,Agency_18,SKU_03,4.0,0.0,19.0
2018-06-01,Agency_17,SKU_04,348.0,296.0,405.0
2018-06-01,Agency_16,SKU_03,168.0,141.0,194.0
2018-06-01,Agency_41,SKU_05,3076.0,2857.0,3256.0
2018-06-01,Agency_03,SKU_01,1187.0,1019.0,1334.0
2018-06-01,Agency_29,SKU_03,9.0,3.0,15.0
2018-06-01,Agency_41,SKU_02,4457.0,4235.0,4624.0
2018-06-01,Agency_29,SKU_08,3.0,3.0,4.0
2018-06-01,Agency_03,SKU_32,15.0,4.0,27.0
2018-06-01,Agency_41,SKU_01,5433.0,5221.0,5590.0
2018-06-01,Agency_49,SKU_23,0.0,0.0,0.0
2018-06-01,Agency_28,SKU_03,117.0,79.0,156.0
2018-06-01,Agency_29,SKU_05,27.0,22.0,32.0
2018-06-01,Agency_04,SKU_05,3.0,0.0,6.0
2018-06-01,Agency_29,SKU_02,4.0,3.0,5.0
2018-06-01,Agency_03,SKU_04,1350.0,1177.0,1471.0
2018-06-01,Agency_16,SKU_04,1032.0,817.0,1175.0
2018-06-01,Agency_18,SKU_04,258.0,210.0,301.0
2018-06-01,Agency_04,SKU_02,5.0,1.0,9.0
2018-06-01,Agency_04,SKU_01,27.0,22.0,32.0
2018-06-01,Agency_29,SKU_01,10.0,7.0,12.0
2018-06-01,Agency_17,SKU_03,31.0,26.0,35.0
2018-06-01,Agency_30,SKU_02,238.0,206.0,269.0
2018-06-01,Agency_49,SKU_01,2393.0,2278.0,2480.0
2018-06-01,Agency_23,SKU_03,26.0,18.0,34.0
2018-06-01,Agency_58,SKU_02,5957.0,5480.0,6510.0
2018-06-01,Agency_20,SKU_23,0.0,0.0,0.0
2018-06-01,Agency_19,SKU_02,88.0,79.0,98.0
2018-06-01,Agency_01,SKU_11,20.0,15.0,24.0
2018-06-01,Agency_57,SKU_05,2925.0,2654.0,3188.0
2018-06-01,Agency_19,SKU_01,34.0,22.0,45.0
2018-06-01,Agency_57,SKU_17,28.0,17.0,38.0
2018-06-01,Agency_34,SKU_04,20.0,8.0,33.0
2018-06-01,Agency_24,SKU_03,18.0,11.0,25.0
2018-06-01,Agency_57,SKU_02,8452.0,7787.0,9201.0
2018-06-01,Agency_07,SKU_04,2192.0,1835.0,2449.0
2018-06-01,Agency_57,SKU_07,154.0,139.0,167.0
2018-06-01,Agency_24,SKU_04,89.0,68.0,107.0
2018-06-01,Agency_34,SKU_22,0.0,0.0,2.0
2018-06-01,Agency_57,SKU_01,10932.0,9960.0,11687.0
2018-06-01,Agency_22,SKU_03,100.0,90.0,111.0
2018-06-01,Agency_60,SKU_04,1788.0,1613.0,1957.0
2018-06-01,Agency_01,SKU_05,24.0,21.0,28.0
2018-06-01,Agency_60,SKU_23,0.0,0.0,8.0
2018-06-01,Agency_19,SKU_03,57.0,49.0,64.0
2018-06-01,Agency_58,SKU_05,2097.0,1841.0,2331.0
2018-06-01,Agency_01,SKU_04,106.0,76.0,137.0
2018-06-01,Agency_35,SKU_04,10.0,0.0,22.0
2018-06-01,Agency_58,SKU_03,325.0,275.0,377.0
2018-06-01,Agency_34,SKU_03,6.0,4.0,7.0
2018-06-01,Agency_27,SKU_05,97.0,88.0,106.0
2018-06-01,Agency_09,SKU_05,1139.0,1079.0,1197.0
2018-06-01,Agency_44,SKU_05,10.0,0.0,22.0
2018-06-01,Agency_30,SKU_01,1159.0,1060.0,1245.0
2018-06-01,Agency_30,SKU_03,14816.0,14184.0,15580.0
2018-06-01,Agency_53,SKU_04,2901.0,2479.0,3186.0
2018-06-01,Agency_27,SKU_02,797.0,736.0,851.0
2018-06-01,Agency_09,SKU_02,1449.0,1354.0,1505.0
2018-06-01,Agency_44,SKU_02,12.0,0.0,30.0
2018-06-01,Agency_33,SKU_04,29.0,19.0,39.0
2018-06-01,Agency_57,SKU_03,1721.0,1541.0,1906.0
2018-06-01,Agency_30,SKU_08,157.0,136.0,177.0
2018-06-01,Agency_44,SKU_01,56.0,31.0,81.0
2018-06-01,Agency_27,SKU_01,2300.0,2127.0,2442.0
2018-06-01,Agency_09,SKU_01,4099.0,3834.0,4240.0
2018-06-01,Agency_07,SKU_03,699.0,590.0,808.0
2018-06-01,Agency_05,SKU_03,864.0,755.0,958.0
2018-06-01,Agency_01,SKU_02,50.0,39.0,60.0
2018-06-01,Agency_19,SKU_08,2.0,2.0,3.0
2018-06-01,Agency_60,SKU_07,93.0,80.0,107.0
2018-06-01,Agency_22,SKU_01,108.0,93.0,122.0
2018-06-01,Agency_60,SKU_01,11979.0,11597.0,12368.0
2018-06-01,Agency_23,SKU_21,0.0,0.0,0.0
2018-06-01,Agency_05,SKU_14,24.0,5.0,42.0
2018-06-01,Agency_42,SKU_04,202.0,169.0,233.0
2018-06-01,Agency_31,SKU_03,670.0,616.0,722.0
2018-06-01,Agency_15,SKU_01,1699.0,1468.0,1939.0
2018-06-01,Agency_22,SKU_02,166.0,151.0,181.0
2018-06-01,Agency_21,SKU_04,61.0,49.0,74.0
2018-06-01,Agency_49,SKU_03,12648.0,12032.0,13273.0
2018-06-01,Agency_15,SKU_03,132.0,109.0,155.0
2018-06-01,Agency_42,SKU_05,591.0,523.0,656.0
2018-06-01,Agency_49,SKU_05,2611.0,2415.0,2778.0
2018-06-01,Agency_42,SKU_02,201.0,183.0,218.0
2018-06-01,Agency_49,SKU_02,3235.0,3093.0,3343.0
2018-06-01,Agency_42,SKU_01,345.0,316.0,370.0
2018-06-01,Agency_49,SKU_07,2.0,0.0,13.0
2018-06-01,Agency_31,SKU_08,7.0,3.0,12.0
2018-06-01,Agency_57,SKU_04,2010.0,1781.0,2241.0
2018-06-01,Agency_05,SKU_04,7019.0,6149.0,7781.0
2018-06-01,Agency_60,SKU_02,5979.0,5710.0,6328.0
2018-06-01,Agency_20,SKU_03,316.0,251.0,383.0
2018-06-01,Agency_01,SKU_01,65.0,54.0,75.0
2018-06-01,Agency_26,SKU_18,6.0,1.0,13.0
2018-06-01,Agency_07,SKU_05,268.0,198.0,333.0
2018-06-01,Agency_24,SKU_05,709.0,623.0,795.0
2018-06-01,Agency_26,SKU_03,0.0,0.0,0.0
2018-06-01,Agency_07,SKU_02,1423.0,1215.0,1605.0
2018-06-01,Agency_24,SKU_02,126.0,114.0,137.0
2018-06-01,Agency_22,SKU_05,360.0,322.0,397.0
2018-06-01,Agency_22,SKU_04,52.0,43.0,60.0
2018-06-01,Agency_24,SKU_01,3.0,2.0,3.0
2018-06-01,Agency_20,SKU_21,0.0,0.0,10.0
2018-06-01,Agency_19,SKU_04,195.0,160.0,231.0
2018-06-01,Agency_07,SKU_01,9895.0,9313.0,10377.0
2018-06-01,Agency_20,SKU_04,2413.0,2018.0,2793.0
2018-06-01,Agency_08,SKU_03,23.0,18.0,30.0
2018-06-01,Agency_60,SKU_05,2141.0,1969.0,2280.0
2018-06-01,Agency_19,SKU_05,103.0,92.0,112.0
2018-06-01,Agency_60,SKU_03,448.0,363.0,546.0
2018-06-01,Agency_56,SKU_01,4799.0,4362.0,5170.0
